Scenario,Weights,Algorithm,Run,Best_Fitness,Execution_Time,Energy_Total_J,Reliability_Penalty,Geometric_Penalty,Network_Lifetime_Rounds,Convergence,Best_Solution_Vector
S1,EnergyFirst,PSO,0,1001000.0,0.1216888427734375,4.178576332048647e-05,1651.4072117973462,1000.0,177764.00523035903,"[1004000.0, 1004000.0, 1004000.0, 1004000.0, 1003000.0, 1003000.0, 1003000.0, 1003000.0, 1003000.0, 1003000.0, 1002000.0, 1002000.0, 1002000.0, 1001000.0, 1001000.0, 1001000.0, 1001000.0, 1001000.0, 1001000.0, 1001000.0, 1001000.0, 1001000.0, 1001000.0, 1001000.0, 1001000.0, 1001000.0, 1001000.0, 1001000.0, 1001000.0, 1001000.0, 1001000.0, 1001000.0, 1001000.0, 1001000.0, 1001000.0, 1001000.0, 1001000.0, 1001000.0, 1001000.0, 1001000.0, 1001000.0, 1001000.0, 1001000.0, 1001000.0, 1001000.0, 1001000.0, 1001000.0, 1001000.0, 1001000.0, 1001000.0, 1001000.0, 1001000.0, 1001000.0, 1001000.0, 1001000.0, 1001000.0, 1001000.0, 1001000.0, 1001000.0, 1001000.0, 1001000.0, 1001000.0, 1001000.0, 1001000.0, 1001000.0, 1001000.0, 1001000.0, 1001000.0, 1001000.0, 1001000.0, 1001000.0, 1001000.0, 1001000.0, 1001000.0, 1001000.0, 1001000.0, 1001000.0, 1001000.0, 1001000.0, 1001000.0, 1001000.0, 1001000.0, 1001000.0, 1001000.0, 1001000.0, 1001000.0, 1001000.0, 1001000.0, 1001000.0, 1001000.0, 1001000.0, 1001000.0, 1001000.0, 1001000.0, 1001000.0, 1001000.0, 1001000.0, 1001000.0, 1001000.0, 1001000.0]","[0.5772544780712077, 0.1454217951186052, 0.6963339283477614, 0.393959900507201, 0.47889605023074017, 0.3420960603139414, 0.18035985703728358, 0.5192490638966144, 0.9164531701264824, 0.7664669498672041, 0.8913133514322804, 0.38288360291763707, 0.4768412445586461, 0.7381152708258496, 0.5262324603854819, 0.6584771807076256, 0.7767452993879741, 0.3549990036827706]"
S1,EnergyFirst,PSO,1,1001000.0,0.1224679946899414,4.119899424038598e-05,1478.2376271986245,1000.0,177774.5958169605,"[1006000.0, 1006000.0, 1006000.0, 1005000.0, 1005000.0, 1005000.0, 1005000.0, 1005000.0, 1005000.0, 1004000.0, 1004000.0, 1004000.0, 1004000.0, 1004000.0, 1004000.0, 1004000.0, 1004000.0, 1003000.0, 1003000.0, 1003000.0, 1003000.0, 1003000.0, 1003000.0, 1003000.0, 1002000.0, 1002000.0, 1002000.0, 1002000.0, 1002000.0, 1002000.0, 1002000.0, 1002000.0, 1002000.0, 1002000.0, 1002000.0, 1002000.0, 1002000.0, 1002000.0, 1002000.0, 1002000.0, 1002000.0, 1002000.0, 1002000.0, 1002000.0, 1002000.0, 1002000.0, 1002000.0, 1002000.0, 1002000.0, 1002000.0, 1002000.0, 1002000.0, 1002000.0, 1002000.0, 1002000.0, 1002000.0, 1002000.0, 1001000.0, 1001000.0, 1001000.0, 1001000.0, 1001000.0, 1001000.0, 1001000.0, 1001000.0, 1001000.0, 1001000.0, 1001000.0, 1001000.0, 1001000.0, 1001000.0, 1001000.0, 1001000.0, 1001000.0, 1001000.0, 1001000.0, 1001000.0, 1001000.0, 1001000.0, 1001000.0, 1001000.0, 1001000.0, 1001000.0, 1001000.0, 1001000.0, 1001000.0, 1001000.0, 1001000.0, 1001000.0, 1001000.0, 1001000.0, 1001000.0, 1001000.0, 1001000.0, 1001000.0, 1001000.0, 1001000.0, 1001000.0, 1001000.0, 1001000.0]","[0.5672457712609804, 0.08169999547369403, 0.41452259611876396, 0.7068127420847353, 0.46089546481608273, 0.23387240845237434, 0.224975499206356, 0.4619542267276671, 0.508903540057228, 0.4574767810313569, 0.865455435326779, 0.5055061799815177, 0.3710398621241274, 0.6139131686651175, 0.6415066076364093, 0.9469132428839663, 0.8740977027249281, 0.7261320848300873]"
S1,EnergyFirst,PSO,2,341.4304643021732,0.12343072891235352,4.372259087348005e-05,4062.805818051361,0.0,163265.306122449,"[1005000.0, 1005000.0, 1005000.0, 1005000.0, 1005000.0, 1005000.0, 1004000.0, 1004000.0, 1004000.0, 1004000.0, 1004000.0, 1003000.0, 1003000.0, 1003000.0, 1003000.0, 1003000.0, 1003000.0, 1003000.0, 1003000.0, 1003000.0, 1003000.0, 1002000.0, 1002000.0, 1002000.0, 1002000.0, 1002000.0, 1002000.0, 1002000.0, 1002000.0, 1002000.0, 1002000.0, 1002000.0, 1002000.0, 1002000.0, 1002000.0, 1002000.0, 1002000.0, 1002000.0, 1002000.0, 1002000.0, 1002000.0, 1002000.0, 1002000.0, 1002000.0, 1002000.0, 1002000.0, 1002000.0, 1002000.0, 1002000.0, 1002000.0, 1002000.0, 1002000.0, 1002000.0, 1002000.0, 1002000.0, 1001000.0, 1001000.0, 1001000.0, 1001000.0, 1001000.0, 1001000.0, 1001000.0, 1001000.0, 1001000.0, 1001000.0, 1001000.0, 1001000.0, 1001000.0, 1001000.0, 1001000.0, 1001000.0, 1001000.0, 1001000.0, 1001000.0, 1001000.0, 579.3880400987717, 579.3880400987717, 579.3880400987717, 579.3880400987717, 579.3880400987717, 341.4304643021732, 341.4304643021732, 341.4304643021732, 341.4304643021732, 341.4304643021732, 341.4304643021732, 341.4304643021732, 341.4304643021732, 341.4304643021732, 341.4304643021732, 341.4304643021732, 341.4304643021732, 341.4304643021732, 341.4304643021732, 341.4304643021732, 341.4304643021732, 341.4304643021732, 341.4304643021732, 341.4304643021732, 341.4304643021732]","[0.5084823696625143, 0.06417791131294316, 0.6789115271043459, 0.4464157450046534, 0.43377701686803233, 0.21957960552900882, 0.24102226413107336, 0.3294065515772829, 0.5048023061326135, 0.458390389878028, 0.7094119959690459, 0.39942307011708816, 0.35570311460489024, 0.713260648631164, 0.6042415256816525, 0.6587830518291654, 0.9180127657661828, 0.36392514091831235]"
S1,EnergyFirst,PSO,3,1001000.0,0.12408804893493652,4.1851457700786244e-05,128.08578495409364,1000.0,177747.55142136122,"[1005000.0, 1004000.0, 1004000.0, 1004000.0, 1004000.0, 1004000.0, 1004000.0, 1004000.0, 1004000.0, 1004000.0, 1004000.0, 1004000.0, 1004000.0, 1004000.0, 1004000.0, 1004000.0, 1004000.0, 1004000.0, 1004000.0, 1004000.0, 1004000.0, 1004000.0, 1004000.0, 1004000.0, 1004000.0, 1004000.0, 1004000.0, 1004000.0, 1004000.0, 1004000.0, 1004000.0, 1004000.0, 1004000.0, 1004000.0, 1004000.0, 1004000.0, 1004000.0, 1003000.0, 1003000.0, 1003000.0, 1003000.0, 1002000.0, 1002000.0, 1002000.0, 1002000.0, 1002000.0, 1002000.0, 1002000.0, 1002000.0, 1002000.0, 1002000.0, 1002000.0, 1002000.0, 1002000.0, 1002000.0, 1002000.0, 1002000.0, 1002000.0, 1001000.0, 1001000.0, 1001000.0, 1001000.0, 1001000.0, 1001000.0, 1001000.0, 1001000.0, 1001000.0, 1001000.0, 1001000.0, 1001000.0, 1001000.0, 1001000.0, 1001000.0, 1001000.0, 1001000.0, 1001000.0, 1001000.0, 1001000.0, 1001000.0, 1001000.0, 1001000.0, 1001000.0, 1001000.0, 1001000.0, 1001000.0, 1001000.0, 1001000.0, 1001000.0, 1001000.0, 1001000.0, 1001000.0, 1001000.0, 1001000.0, 1001000.0, 1001000.0, 1001000.0, 1001000.0, 1001000.0, 1001000.0, 1001000.0]","[0.4075563418670554, 0.12521829764427067, 0.3525521961521368, 0.4396241013745126, 0.5755236632261819, 0.2251222007088184, 0.27162807418895624, 0.3336619269464663, 0.301983021041656, 0.5267566993485341, 0.8452946376709953, 0.5315226523879348, 0.52463621568329, 0.6638915862567079, 0.5954154960591778, 0.8841066837752125, 0.47692684968973975, 0.40864183499268036]"
S1,EnergyFirst,PSO,4,62.404762432490216,0.12772607803344727,4.184322036006957e-05,966.7899888040821,0.0,168747.46927482987,"[1005000.0, 1004000.0, 1003000.0, 1003000.0, 1002000.0, 1002000.0, 1002000.0, 1002000.0, 1002000.0, 1002000.0, 1002000.0, 1002000.0, 1001000.0, 1001000.0, 1001000.0, 1001000.0, 1001000.0, 1001000.0, 1001000.0, 1001000.0, 1001000.0, 1001000.0, 1001000.0, 1001000.0, 1001000.0, 1001000.0, 1001000.0, 1001000.0, 1001000.0, 1001000.0, 1001000.0, 1001000.0, 1001000.0, 1001000.0, 1001000.0, 1001000.0, 1001000.0, 1001000.0, 1001000.0, 1001000.0, 1001000.0, 1001000.0, 1001000.0, 1001000.0, 1001000.0, 1001000.0, 1001000.0, 1001000.0, 1001000.0, 1001000.0, 1001000.0, 1001000.0, 1001000.0, 1001000.0, 1001000.0, 1001000.0, 974.3641270298193, 869.7384896088219, 531.7813683542968, 531.7813683542968, 531.7813683542968, 531.7813683542968, 531.7813683542968, 531.7813683542968, 531.7813683542968, 531.7813683542968, 531.7813683542968, 531.7813683542968, 531.7813683542968, 531.7813683542968, 531.7813683542968, 531.7813683542968, 531.7813683542968, 476.3613307082537, 442.8311799145799, 273.9226165550532, 254.69503384574153, 184.09047246914454, 184.09047246914454, 184.09047246914454, 184.09047246914454, 184.09047246914454, 184.09047246914454, 184.09047246914454, 184.09047246914454, 184.09047246914454, 177.98787444271144, 177.98787444271144, 177.98787444271144, 177.98787444271144, 177.98787444271144, 159.9774658974155, 159.9774658974155, 62.404762432490216, 62.404762432490216, 62.404762432490216, 62.404762432490216, 62.404762432490216, 62.404762432490216, 62.404762432490216]","[0.47960924026698115, 0.10538635579942104, 0.3614653885626299, 0.28700876097436895, 0.6643373736819371, 0.3024267533600135, 0.10002438393425772, 0.28607668678900056, 0.4604014241827104, 0.5300211093674425, 0.8772179926391223, 0.3620821726831402, 0.4153188939538627, 0.7724263228384642, 0.6085297849845414, 0.9382938892010406, 0.6427525703818441, 0.46266724007019255]"
S1,EnergyFirst,PSO,5,81.1613474011461,0.12282681465148926,4.272164815674627e-05,1657.0397884766217,0.0,163265.306122449,"[1004000.0, 1004000.0, 1004000.0, 1004000.0, 1004000.0, 1003000.0, 1003000.0, 1003000.0, 1003000.0, 1002000.0, 1002000.0, 1002000.0, 1002000.0, 1002000.0, 1002000.0, 1002000.0, 1002000.0, 1001000.0, 1001000.0, 1001000.0, 1001000.0, 1001000.0, 1001000.0, 1001000.0, 1001000.0, 1001000.0, 1001000.0, 1001000.0, 1001000.0, 1001000.0, 1001000.0, 1001000.0, 1001000.0, 1001000.0, 1001000.0, 1001000.0, 1001000.0, 1001000.0, 1001000.0, 1001000.0, 1001000.0, 1001000.0, 1001000.0, 1001000.0, 1001000.0, 1001000.0, 1001000.0, 1001000.0, 1001000.0, 1001000.0, 1001000.0, 1001000.0, 1001000.0, 1001000.0, 1001000.0, 1001000.0, 1001000.0, 1001000.0, 1001000.0, 1001000.0, 1001000.0, 1001000.0, 1001000.0, 1001000.0, 1001000.0, 1001000.0, 1001000.0, 1001000.0, 1001000.0, 1001000.0, 1001000.0, 1001000.0, 1001000.0, 1001000.0, 1001000.0, 1001000.0, 1001000.0, 1001000.0, 1001000.0, 1001000.0, 1001000.0, 1001000.0, 1001000.0, 1001000.0, 195.64131424725952, 81.1613474011461, 81.1613474011461, 81.1613474011461, 81.1613474011461, 81.1613474011461, 81.1613474011461, 81.1613474011461, 81.1613474011461, 81.1613474011461, 81.1613474011461, 81.1613474011461, 81.1613474011461, 81.1613474011461, 81.1613474011461, 81.1613474011461]","[0.44492498803057945, 0.1035458776803464, 0.3799543235909362, 0.31792556632965313, 0.4699626377126201, 0.41279510759586735, 0.10554698736177182, 0.3014800555370476, 0.43066304357531093, 0.5261837737189712, 0.7736305789692618, 0.2768340289320109, 0.47917964728081414, 0.8858720273784163, 0.6322668196671785, 0.7873405560096954, 0.35850466339879794, 0.5804573093770465]"
S1,EnergyFirst,PSO,6,1003000.0,0.12097716331481934,4.1737848263470184e-05,1928.577807634907,3000.0,163265.306122449,"[1006000.0, 1006000.0, 1005000.0, 1005000.0, 1005000.0, 1005000.0, 1004000.0, 1004000.0, 1004000.0, 1004000.0, 1004000.0, 1004000.0, 1004000.0, 1004000.0, 1004000.0, 1004000.0, 1003000.0, 1003000.0, 1003000.0, 1003000.0, 1003000.0, 1003000.0, 1003000.0, 1003000.0, 1003000.0, 1003000.0, 1003000.0, 1003000.0, 1003000.0, 1003000.0, 1003000.0, 1003000.0, 1003000.0, 1003000.0, 1003000.0, 1003000.0, 1003000.0, 1003000.0, 1003000.0, 1003000.0, 1003000.0, 1003000.0, 1003000.0, 1003000.0, 1003000.0, 1003000.0, 1003000.0, 1003000.0, 1003000.0, 1003000.0, 1003000.0, 1003000.0, 1003000.0, 1003000.0, 1003000.0, 1003000.0, 1003000.0, 1003000.0, 1003000.0, 1003000.0, 1003000.0, 1003000.0, 1003000.0, 1003000.0, 1003000.0, 1003000.0, 1003000.0, 1003000.0, 1003000.0, 1003000.0, 1003000.0, 1003000.0, 1003000.0, 1003000.0, 1003000.0, 1003000.0, 1003000.0, 1003000.0, 1003000.0, 1003000.0, 1003000.0, 1003000.0, 1003000.0, 1003000.0, 1003000.0, 1003000.0, 1003000.0, 1003000.0, 1003000.0, 1003000.0, 1003000.0, 1003000.0, 1003000.0, 1003000.0, 1003000.0, 1003000.0, 1003000.0, 1003000.0, 1003000.0, 1003000.0]","[0.3446248625977229, 0.5505818960115594, 0.3496105635570693, 0.37887130629936344, 0.44253099062052204, 0.2316426293237578, 0.23081086586020547, 0.25121334508319565, 0.9481572172517264, 0.8217474939476854, 0.4082833437439943, 0.6133018901979514, 0.39194827380113517, 0.6784661367887813, 0.6198662049675899, 0.8981413236104081, 0.746293274388936, 0.6728211117306078]"
S1,EnergyFirst,PSO,7,250.77587255703673,0.12247228622436523,4.201494342498606e-05,1130.6881152518054,0.0,175618.01303044806,"[1005000.0, 1005000.0, 1004000.0, 1004000.0, 1004000.0, 1004000.0, 1004000.0, 1004000.0, 1004000.0, 1004000.0, 1004000.0, 1004000.0, 1004000.0, 1004000.0, 1004000.0, 1004000.0, 1004000.0, 1004000.0, 1004000.0, 1004000.0, 1003000.0, 1003000.0, 1002000.0, 1002000.0, 1002000.0, 1002000.0, 1002000.0, 1001000.0, 1001000.0, 1001000.0, 1001000.0, 1001000.0, 1001000.0, 1001000.0, 1001000.0, 1001000.0, 1001000.0, 1001000.0, 1001000.0, 1001000.0, 1001000.0, 1001000.0, 1001000.0, 1001000.0, 1001000.0, 1001000.0, 1001000.0, 1001000.0, 1001000.0, 1001000.0, 1001000.0, 1001000.0, 1001000.0, 1001000.0, 1001000.0, 1001000.0, 1001000.0, 1001000.0, 1001000.0, 1001000.0, 1001000.0, 1001000.0, 1001000.0, 1001000.0, 1001000.0, 1001000.0, 1001000.0, 1001000.0, 1001000.0, 1001000.0, 1001000.0, 1001000.0, 1001000.0, 1001000.0, 1001000.0, 1001000.0, 1001000.0, 1001000.0, 1001000.0, 1001000.0, 1001000.0, 1001000.0, 1001000.0, 1001000.0, 1001000.0, 1001000.0, 1001000.0, 1001000.0, 1041.326893972092, 1041.326893972092, 1041.326893972092, 1041.326893972092, 941.5478102239387, 898.349496963269, 898.349496963269, 347.6434706570717, 347.6434706570717, 347.6434706570717, 250.77587255703673, 250.77587255703673]","[0.4557102687060011, 0.10604942756245869, 0.5175338816079322, 0.3993886595979359, 0.5486704881177397, 0.367934175394812, 0.20878046930305028, 0.5322457855854548, 0.38279372320805355, 0.4735706437744989, 0.7852398327908466, 0.5256943648204825, 0.38339691047014324, 0.6318997787592886, 0.5879074681194195, 0.9330254354060059, 0.33435195000570134, 0.3871555123276577]"
S1,EnergyFirst,PSO,8,1002000.0,0.1212010383605957,4.42225e-05,5257.193649180885,2000.0,163265.306122449,"[1005000.0, 1005000.0, 1005000.0, 1005000.0, 1005000.0, 1004000.0, 1004000.0, 1004000.0, 1004000.0, 1004000.0, 1003000.0, 1003000.0, 1003000.0, 1003000.0, 1003000.0, 1003000.0, 1003000.0, 1003000.0, 1003000.0, 1003000.0, 1003000.0, 1003000.0, 1003000.0, 1003000.0, 1003000.0, 1003000.0, 1003000.0, 1003000.0, 1003000.0, 1003000.0, 1003000.0, 1003000.0, 1003000.0, 1003000.0, 1003000.0, 1003000.0, 1003000.0, 1003000.0, 1002000.0, 1002000.0, 1002000.0, 1002000.0, 1002000.0, 1002000.0, 1002000.0, 1002000.0, 1002000.0, 1002000.0, 1002000.0, 1002000.0, 1002000.0, 1002000.0, 1002000.0, 1002000.0, 1002000.0, 1002000.0, 1002000.0, 1002000.0, 1002000.0, 1002000.0, 1002000.0, 1002000.0, 1002000.0, 1002000.0, 1002000.0, 1002000.0, 1002000.0, 1002000.0, 1002000.0, 1002000.0, 1002000.0, 1002000.0, 1002000.0, 1002000.0, 1002000.0, 1002000.0, 1002000.0, 1002000.0, 1002000.0, 1002000.0, 1002000.0, 1002000.0, 1002000.0, 1002000.0, 1002000.0, 1002000.0, 1002000.0, 1002000.0, 1002000.0, 1002000.0, 1002000.0, 1002000.0, 1002000.0, 1002000.0, 1002000.0, 1002000.0, 1002000.0, 1002000.0, 1002000.0, 1002000.0]","[0.5777322882336567, 0.0965513635435784, 0.6480302664297914, 0.3049537783837884, 0.19867803391704636, 0.6621760596495204, 0.1693939495625752, 0.39599835704636993, 0.3165000822329276, 0.5398991172650538, 0.42237630593221187, 0.12781892561750158, 0.3614633072738888, 0.6746292230352676, 0.6349913613989081, 0.8388377048584225, 0.9326270266230211, 0.43947560920347695]"
S1,EnergyFirst,PSO,9,1001000.0,0.12207508087158203,4.224231445700446e-05,1909.6217535049936,1000.0,163265.306122449,"[1005000.0, 1005000.0, 1004000.0, 1004000.0, 1004000.0, 1004000.0, 1004000.0, 1004000.0, 1004000.0, 1004000.0, 1004000.0, 1003000.0, 1003000.0, 1002000.0, 1002000.0, 1002000.0, 1002000.0, 1002000.0, 1002000.0, 1002000.0, 1002000.0, 1002000.0, 1002000.0, 1002000.0, 1002000.0, 1002000.0, 1002000.0, 1002000.0, 1002000.0, 1002000.0, 1002000.0, 1002000.0, 1002000.0, 1002000.0, 1002000.0, 1002000.0, 1002000.0, 1002000.0, 1002000.0, 1002000.0, 1002000.0, 1002000.0, 1002000.0, 1002000.0, 1002000.0, 1002000.0, 1002000.0, 1001000.0, 1001000.0, 1001000.0, 1001000.0, 1001000.0, 1001000.0, 1001000.0, 1001000.0, 1001000.0, 1001000.0, 1001000.0, 1001000.0, 1001000.0, 1001000.0, 1001000.0, 1001000.0, 1001000.0, 1001000.0, 1001000.0, 1001000.0, 1001000.0, 1001000.0, 1001000.0, 1001000.0, 1001000.0, 1001000.0, 1001000.0, 1001000.0, 1001000.0, 1001000.0, 1001000.0, 1001000.0, 1001000.0, 1001000.0, 1001000.0, 1001000.0, 1001000.0, 1001000.0, 1001000.0, 1001000.0, 1001000.0, 1001000.0, 1001000.0, 1001000.0, 1001000.0, 1001000.0, 1001000.0, 1001000.0, 1001000.0, 1001000.0, 1001000.0, 1001000.0, 1001000.0]","[0.7644420768185878, 0.9387004016705851, 0.510388233883552, 0.265637391384097, 0.669442983478141, 0.30935348737307483, 0.25954154765516274, 0.3097991694854878, 0.6847889182794998, 0.475879540490305, 0.8647334020511958, 0.3725952027404653, 0.3754338256704655, 0.670890176149484, 0.5624243710890964, 0.7300863483617871, 0.5073745229510758, 0.767773205031655]"
S1,EnergyFirst,PSO,10,1003000.0,0.12035608291625977,4.23709195042077e-05,1894.5782861802209,3000.0,175693.86060658816,"[1005000.0, 1005000.0, 1004000.0, 1004000.0, 1004000.0, 1003000.0, 1003000.0, 1003000.0, 1003000.0, 1003000.0, 1003000.0, 1003000.0, 1003000.0, 1003000.0, 1003000.0, 1003000.0, 1003000.0, 1003000.0, 1003000.0, 1003000.0, 1003000.0, 1003000.0, 1003000.0, 1003000.0, 1003000.0, 1003000.0, 1003000.0, 1003000.0, 1003000.0, 1003000.0, 1003000.0, 1003000.0, 1003000.0, 1003000.0, 1003000.0, 1003000.0, 1003000.0, 1003000.0, 1003000.0, 1003000.0, 1003000.0, 1003000.0, 1003000.0, 1003000.0, 1003000.0, 1003000.0, 1003000.0, 1003000.0, 1003000.0, 1003000.0, 1003000.0, 1003000.0, 1003000.0, 1003000.0, 1003000.0, 1003000.0, 1003000.0, 1003000.0, 1003000.0, 1003000.0, 1003000.0, 1003000.0, 1003000.0, 1003000.0, 1003000.0, 1003000.0, 1003000.0, 1003000.0, 1003000.0, 1003000.0, 1003000.0, 1003000.0, 1003000.0, 1003000.0, 1003000.0, 1003000.0, 1003000.0, 1003000.0, 1003000.0, 1003000.0, 1003000.0, 1003000.0, 1003000.0, 1003000.0, 1003000.0, 1003000.0, 1003000.0, 1003000.0, 1003000.0, 1003000.0, 1003000.0, 1003000.0, 1003000.0, 1003000.0, 1003000.0, 1003000.0, 1003000.0, 1003000.0, 1003000.0, 1003000.0]","[0.18567230699456969, 0.46496015596117546, 0.4399233991784553, 0.23958487478506824, 0.6806951519202737, 0.23801403645876362, 0.2560136356418229, 0.5379250162582677, 0.6494524826291928, 0.4793657773774553, 0.2747038622650201, 0.05244966823890585, 0.3823886031611114, 0.9224970584574158, 0.46740275044826046, 0.34997437375221385, 0.701406961918645, 0.3103827596719447]"
S1,EnergyFirst,PSO,11,1001000.0,0.12235879898071289,4.2954205723605003e-05,3136.1895478522947,1000.0,174080.0436788811,"[1005000.0, 1004000.0, 1004000.0, 1004000.0, 1004000.0, 1004000.0, 1004000.0, 1004000.0, 1003000.0, 1003000.0, 1003000.0, 1002000.0, 1002000.0, 1002000.0, 1002000.0, 1002000.0, 1002000.0, 1002000.0, 1002000.0, 1002000.0, 1002000.0, 1002000.0, 1002000.0, 1002000.0, 1002000.0, 1002000.0, 1002000.0, 1002000.0, 1002000.0, 1002000.0, 1002000.0, 1002000.0, 1002000.0, 1002000.0, 1002000.0, 1002000.0, 1002000.0, 1002000.0, 1002000.0, 1002000.0, 1002000.0, 1002000.0, 1002000.0, 1002000.0, 1002000.0, 1002000.0, 1002000.0, 1002000.0, 1002000.0, 1002000.0, 1002000.0, 1002000.0, 1002000.0, 1002000.0, 1002000.0, 1002000.0, 1002000.0, 1002000.0, 1002000.0, 1002000.0, 1002000.0, 1002000.0, 1002000.0, 1001000.0, 1001000.0, 1001000.0, 1001000.0, 1001000.0, 1001000.0, 1001000.0, 1001000.0, 1001000.0, 1001000.0, 1001000.0, 1001000.0, 1001000.0, 1001000.0, 1001000.0, 1001000.0, 1001000.0, 1001000.0, 1001000.0, 1001000.0, 1001000.0, 1001000.0, 1001000.0, 1001000.0, 1001000.0, 1001000.0, 1001000.0, 1001000.0, 1001000.0, 1001000.0, 1001000.0, 1001000.0, 1001000.0, 1001000.0, 1001000.0, 1001000.0, 1001000.0]","[0.5090536983864369, 0.0588152375896408, 0.6725290314501982, 0.2780437797903127, 0.4538690282321538, 0.383734830526201, 0.23595435604713585, 0.46537313502487265, 0.5661062999805163, 0.5481971689221248, 0.7628466367934063, 0.3978208799484018, 0.7637813959912474, 0.313897757726593, 0.605459200985974, 0.8836841413863363, 0.48337717814298786, 0.03943989056023418]"
S1,EnergyFirst,PSO,12,1002000.0,0.1199500560760498,4.1836458916699296e-05,350.1875839102205,2000.0,177702.81271485324,"[1005000.0, 1005000.0, 1004000.0, 1004000.0, 1004000.0, 1003000.0, 1003000.0, 1003000.0, 1003000.0, 1003000.0, 1003000.0, 1003000.0, 1003000.0, 1003000.0, 1003000.0, 1003000.0, 1003000.0, 1003000.0, 1003000.0, 1003000.0, 1003000.0, 1002000.0, 1002000.0, 1002000.0, 1002000.0, 1002000.0, 1002000.0, 1002000.0, 1002000.0, 1002000.0, 1002000.0, 1002000.0, 1002000.0, 1002000.0, 1002000.0, 1002000.0, 1002000.0, 1002000.0, 1002000.0, 1002000.0, 1002000.0, 1002000.0, 1002000.0, 1002000.0, 1002000.0, 1002000.0, 1002000.0, 1002000.0, 1002000.0, 1002000.0, 1002000.0, 1002000.0, 1002000.0, 1002000.0, 1002000.0, 1002000.0, 1002000.0, 1002000.0, 1002000.0, 1002000.0, 1002000.0, 1002000.0, 1002000.0, 1002000.0, 1002000.0, 1002000.0, 1002000.0, 1002000.0, 1002000.0, 1002000.0, 1002000.0, 1002000.0, 1002000.0, 1002000.0, 1002000.0, 1002000.0, 1002000.0, 1002000.0, 1002000.0, 1002000.0, 1002000.0, 1002000.0, 1002000.0, 1002000.0, 1002000.0, 1002000.0, 1002000.0, 1002000.0, 1002000.0, 1002000.0, 1002000.0, 1002000.0, 1002000.0, 1002000.0, 1002000.0, 1002000.0, 1002000.0, 1002000.0, 1002000.0, 1002000.0]","[0.5247179914829406, 0.14928016306333283, 0.3669281813317072, 0.4244217675367439, 0.6307504216467338, 0.44092619391278215, 0.14575112814387636, 0.3822026823586625, 0.7747447086368185, 0.33593050683089515, 0.8970093715632869, 0.5022697171666771, 0.09812642717274468, 0.2910363166699075, 0.5818354163664449, 0.8173539377217275, 0.5306364342834411, 0.4840084857229685]"
S1,EnergyFirst,PSO,13,1001000.0,0.12206625938415527,4.2432564086840304e-05,1102.2321311274368,1000.0,177611.43794128502,"[1005000.0, 1004000.0, 1004000.0, 1004000.0, 1004000.0, 1004000.0, 1004000.0, 1004000.0, 1004000.0, 1004000.0, 1004000.0, 1004000.0, 1003000.0, 1002000.0, 1002000.0, 1002000.0, 1002000.0, 1002000.0, 1002000.0, 1002000.0, 1002000.0, 1002000.0, 1002000.0, 1002000.0, 1002000.0, 1002000.0, 1002000.0, 1002000.0, 1002000.0, 1002000.0, 1002000.0, 1002000.0, 1002000.0, 1002000.0, 1001000.0, 1001000.0, 1001000.0, 1001000.0, 1001000.0, 1001000.0, 1001000.0, 1001000.0, 1001000.0, 1001000.0, 1001000.0, 1001000.0, 1001000.0, 1001000.0, 1001000.0, 1001000.0, 1001000.0, 1001000.0, 1001000.0, 1001000.0, 1001000.0, 1001000.0, 1001000.0, 1001000.0, 1001000.0, 1001000.0, 1001000.0, 1001000.0, 1001000.0, 1001000.0, 1001000.0, 1001000.0, 1001000.0, 1001000.0, 1001000.0, 1001000.0, 1001000.0, 1001000.0, 1001000.0, 1001000.0, 1001000.0, 1001000.0, 1001000.0, 1001000.0, 1001000.0, 1001000.0, 1001000.0, 1001000.0, 1001000.0, 1001000.0, 1001000.0, 1001000.0, 1001000.0, 1001000.0, 1001000.0, 1001000.0, 1001000.0, 1001000.0, 1001000.0, 1001000.0, 1001000.0, 1001000.0, 1001000.0, 1001000.0, 1001000.0, 1001000.0]","[0.7984124595773671, 0.7969990030648981, 0.49975238551951034, 0.28999468650372817, 0.5868285283255867, 0.3821483930907486, 0.19657595412039075, 0.5138267075066105, 0.5134352208074384, 0.5284831656534039, 0.8531260488588281, 0.485718149056953, 0.4533127287211302, 0.7401649523321013, 0.6244856125065212, 0.7536764934213506, 0.6216904138761064, 0.3576996896294705]"
S1,EnergyFirst,PSO,14,1001000.0,0.12140417098999023,4.2491371823891064e-05,1308.7140792434689,1000.0,177772.29236079744,"[1006000.0, 1005000.0, 1005000.0, 1004000.0, 1004000.0, 1004000.0, 1004000.0, 1004000.0, 1004000.0, 1003000.0, 1003000.0, 1003000.0, 1003000.0, 1002000.0, 1002000.0, 1002000.0, 1002000.0, 1002000.0, 1002000.0, 1002000.0, 1002000.0, 1002000.0, 1002000.0, 1002000.0, 1002000.0, 1002000.0, 1002000.0, 1002000.0, 1002000.0, 1002000.0, 1002000.0, 1002000.0, 1002000.0, 1002000.0, 1002000.0, 1002000.0, 1002000.0, 1002000.0, 1002000.0, 1002000.0, 1002000.0, 1002000.0, 1002000.0, 1002000.0, 1002000.0, 1002000.0, 1002000.0, 1002000.0, 1002000.0, 1002000.0, 1002000.0, 1002000.0, 1002000.0, 1002000.0, 1002000.0, 1002000.0, 1002000.0, 1002000.0, 1002000.0, 1002000.0, 1002000.0, 1002000.0, 1002000.0, 1002000.0, 1002000.0, 1002000.0, 1002000.0, 1002000.0, 1002000.0, 1002000.0, 1002000.0, 1002000.0, 1002000.0, 1002000.0, 1001000.0, 1001000.0, 1001000.0, 1001000.0, 1001000.0, 1001000.0, 1001000.0, 1001000.0, 1001000.0, 1001000.0, 1001000.0, 1001000.0, 1001000.0, 1001000.0, 1001000.0, 1001000.0, 1001000.0, 1001000.0, 1001000.0, 1001000.0, 1001000.0, 1001000.0, 1001000.0, 1001000.0, 1001000.0, 1001000.0]","[0.5931181411402129, 0.14142798025360945, 0.3827029154018431, 0.21230067577964212, 0.5350038514291264, 0.2534457873835807, 0.6598784172827563, 0.21143721040743552, 0.5562745334453141, 0.4741463223359385, 0.8408471983726334, 0.4126020561835179, 0.4126118825639355, 0.6743225668482596, 0.638519669939772, 0.8852002772307621, 0.37564449217664264, 0.32703828646597816]"
S1,EnergyFirst,PSO,15,1001000.0,0.11986303329467773,4.2740275699797045e-05,1620.5835190525845,1000.0,177604.99454172121,"[1005000.0, 1005000.0, 1005000.0, 1005000.0, 1004000.0, 1004000.0, 1004000.0, 1004000.0, 1004000.0, 1004000.0, 1004000.0, 1004000.0, 1004000.0, 1004000.0, 1004000.0, 1004000.0, 1004000.0, 1004000.0, 1004000.0, 1003000.0, 1003000.0, 1003000.0, 1003000.0, 1003000.0, 1003000.0, 1003000.0, 1003000.0, 1003000.0, 1003000.0, 1003000.0, 1002000.0, 1002000.0, 1002000.0, 1002000.0, 1002000.0, 1002000.0, 1002000.0, 1002000.0, 1002000.0, 1002000.0, 1002000.0, 1002000.0, 1002000.0, 1002000.0, 1002000.0, 1002000.0, 1002000.0, 1002000.0, 1001000.0, 1001000.0, 1001000.0, 1001000.0, 1001000.0, 1001000.0, 1001000.0, 1001000.0, 1001000.0, 1001000.0, 1001000.0, 1001000.0, 1001000.0, 1001000.0, 1001000.0, 1001000.0, 1001000.0, 1001000.0, 1001000.0, 1001000.0, 1001000.0, 1001000.0, 1001000.0, 1001000.0, 1001000.0, 1001000.0, 1001000.0, 1001000.0, 1001000.0, 1001000.0, 1001000.0, 1001000.0, 1001000.0, 1001000.0, 1001000.0, 1001000.0, 1001000.0, 1001000.0, 1001000.0, 1001000.0, 1001000.0, 1001000.0, 1001000.0, 1001000.0, 1001000.0, 1001000.0, 1001000.0, 1001000.0, 1001000.0, 1001000.0, 1001000.0, 1001000.0]","[0.6870521117056209, 0.5731929336174455, 0.3151175637074667, 0.3887467225541709, 0.3329155692176517, 0.34368966592976813, 0.1679445872637202, 0.5338924755844094, 0.3121478883872374, 0.4546025266125384, 0.7620528621650272, 0.4058507106966558, 0.45335242842157386, 0.9193306296108181, 0.5836370212014538, 0.650766939103604, 0.3715019552705818, 0.25948798375159104]"
S1,EnergyFirst,PSO,16,1001000.0,0.11973905563354492,4.164840622517782e-05,2082.0588067512963,1000.0,163265.306122449,"[1006000.0, 1006000.0, 1006000.0, 1006000.0, 1006000.0, 1006000.0, 1005000.0, 1004000.0, 1004000.0, 1004000.0, 1004000.0, 1004000.0, 1004000.0, 1004000.0, 1004000.0, 1004000.0, 1004000.0, 1004000.0, 1004000.0, 1004000.0, 1004000.0, 1004000.0, 1004000.0, 1004000.0, 1004000.0, 1003000.0, 1003000.0, 1003000.0, 1003000.0, 1002000.0, 1002000.0, 1002000.0, 1002000.0, 1002000.0, 1002000.0, 1001000.0, 1001000.0, 1001000.0, 1001000.0, 1001000.0, 1001000.0, 1001000.0, 1001000.0, 1001000.0, 1001000.0, 1001000.0, 1001000.0, 1001000.0, 1001000.0, 1001000.0, 1001000.0, 1001000.0, 1001000.0, 1001000.0, 1001000.0, 1001000.0, 1001000.0, 1001000.0, 1001000.0, 1001000.0, 1001000.0, 1001000.0, 1001000.0, 1001000.0, 1001000.0, 1001000.0, 1001000.0, 1001000.0, 1001000.0, 1001000.0, 1001000.0, 1001000.0, 1001000.0, 1001000.0, 1001000.0, 1001000.0, 1001000.0, 1001000.0, 1001000.0, 1001000.0, 1001000.0, 1001000.0, 1001000.0, 1001000.0, 1001000.0, 1001000.0, 1001000.0, 1001000.0, 1001000.0, 1001000.0, 1001000.0, 1001000.0, 1001000.0, 1001000.0, 1001000.0, 1001000.0, 1001000.0, 1001000.0, 1001000.0, 1001000.0]","[0.6241857588740463, 0.9319881310209442, 0.5304467974327038, 0.44551823954960074, 0.46273505071904913, 0.24848942014803932, 0.14489299406915382, 0.535893560199117, 0.4022048470568517, 0.49466731028058514, 0.8926258916321715, 0.38001204056779286, 0.4092191803741282, 0.6239611003698825, 0.5569780267604353, 0.7316635915146292, 0.9315842454178922, 0.877679494474144]"
S1,EnergyFirst,PSO,17,0.3315583073946871,0.12092471122741699,4.271122322364674e-05,637.057718680834,0.0,176897.62062136005,"[1005000.0, 1005000.0, 1005000.0, 1004000.0, 1004000.0, 1004000.0, 1004000.0, 1004000.0, 1004000.0, 1002000.0, 1002000.0, 1002000.0, 1002000.0, 1002000.0, 1002000.0, 1002000.0, 1002000.0, 1002000.0, 1002000.0, 1002000.0, 1002000.0, 1001000.0, 1001000.0, 1001000.0, 1001000.0, 1001000.0, 1001000.0, 1001000.0, 1001000.0, 1001000.0, 1001000.0, 1001000.0, 1001000.0, 1001000.0, 1001000.0, 1001000.0, 1001000.0, 1001000.0, 1001000.0, 1001000.0, 1001000.0, 1001000.0, 1001000.0, 1001000.0, 1001000.0, 1001000.0, 1001000.0, 1001000.0, 1001000.0, 1001000.0, 1001000.0, 1001000.0, 1001000.0, 1001000.0, 1001000.0, 1001000.0, 1001000.0, 1001000.0, 1001000.0, 1001000.0, 1001000.0, 1001000.0, 1001000.0, 1001000.0, 1001000.0, 145.45818918338603, 145.45818918338603, 19.330104916241442, 19.330104916241442, 19.330104916241442, 19.330104916241442, 19.330104916241442, 0.3315583073946871, 0.3315583073946871, 0.3315583073946871, 0.3315583073946871, 0.3315583073946871, 0.3315583073946871, 0.3315583073946871, 0.3315583073946871, 0.3315583073946871, 0.3315583073946871, 0.3315583073946871, 0.3315583073946871, 0.3315583073946871, 0.3315583073946871, 0.3315583073946871, 0.3315583073946871, 0.3315583073946871, 0.3315583073946871, 0.3315583073946871, 0.3315583073946871, 0.3315583073946871, 0.3315583073946871, 0.3315583073946871, 0.3315583073946871, 0.3315583073946871, 0.3315583073946871, 0.3315583073946871, 0.3315583073946871]","[0.4654210602580414, 0.06001890086904638, 0.6346687078295327, 0.37010716685678535, 0.5907882464635221, 0.3619832968114078, 0.10470885957429352, 0.3367394376443931, 0.698111063905803, 0.4848992256130536, 0.8068288188598125, 0.2963322484895567, 0.40967873856110437, 0.6304516124845754, 0.5831442905709755, 0.8318719927641272, 0.4470689432185705, 0.37358156441452917]"
S1,EnergyFirst,PSO,18,1001000.0,0.11985182762145996,4.163938466237231e-05,1083.7081897608962,1000.0,163265.306122449,"[1005000.0, 1005000.0, 1004000.0, 1004000.0, 1004000.0, 1004000.0, 1004000.0, 1004000.0, 1004000.0, 1004000.0, 1004000.0, 1004000.0, 1004000.0, 1004000.0, 1004000.0, 1004000.0, 1004000.0, 1004000.0, 1004000.0, 1004000.0, 1004000.0, 1004000.0, 1004000.0, 1004000.0, 1004000.0, 1004000.0, 1004000.0, 1003000.0, 1003000.0, 1003000.0, 1003000.0, 1003000.0, 1003000.0, 1002000.0, 1002000.0, 1002000.0, 1002000.0, 1002000.0, 1002000.0, 1002000.0, 1002000.0, 1002000.0, 1002000.0, 1002000.0, 1002000.0, 1002000.0, 1002000.0, 1002000.0, 1002000.0, 1002000.0, 1002000.0, 1002000.0, 1002000.0, 1002000.0, 1002000.0, 1002000.0, 1002000.0, 1002000.0, 1002000.0, 1002000.0, 1002000.0, 1002000.0, 1002000.0, 1002000.0, 1002000.0, 1002000.0, 1002000.0, 1002000.0, 1002000.0, 1002000.0, 1002000.0, 1002000.0, 1002000.0, 1002000.0, 1002000.0, 1002000.0, 1002000.0, 1002000.0, 1002000.0, 1002000.0, 1002000.0, 1002000.0, 1002000.0, 1002000.0, 1001000.0, 1001000.0, 1001000.0, 1001000.0, 1001000.0, 1001000.0, 1001000.0, 1001000.0, 1001000.0, 1001000.0, 1001000.0, 1001000.0, 1001000.0, 1001000.0, 1001000.0, 1001000.0]","[0.13412439614206356, 0.45345465627868814, 0.6618429571242879, 0.2174689832265, 0.3031348409182568, 0.32581323340496904, 0.2723047934767226, 0.3206981462185252, 0.5519047470310514, 0.46510562526547616, 0.802506146477606, 0.5318033986096959, 0.37153476797853974, 0.7518192331521376, 0.637130704651454, 0.7176241474502184, 0.18231669167326836, 0.6337572611448842]"
S1,EnergyFirst,PSO,19,210.6696782428624,0.12162113189697266,4.3008714503583576e-05,1936.226656740564,0.0,173324.03704223534,"[1005000.0, 1005000.0, 1005000.0, 1005000.0, 1005000.0, 1005000.0, 1004000.0, 1003000.0, 1003000.0, 1003000.0, 1003000.0, 1003000.0, 1003000.0, 1002000.0, 1002000.0, 1002000.0, 1002000.0, 1002000.0, 1002000.0, 1002000.0, 1002000.0, 1002000.0, 1002000.0, 1001000.0, 1001000.0, 1001000.0, 1001000.0, 1001000.0, 1001000.0, 1001000.0, 1001000.0, 1001000.0, 1001000.0, 1001000.0, 1001000.0, 1001000.0, 1001000.0, 1001000.0, 1001000.0, 1001000.0, 1001000.0, 1001000.0, 1001000.0, 1001000.0, 1001000.0, 1001000.0, 1001000.0, 1001000.0, 1001000.0, 1001000.0, 1001000.0, 1001000.0, 1001000.0, 1001000.0, 1001000.0, 1001000.0, 1001000.0, 1001000.0, 1001000.0, 1001000.0, 1001000.0, 471.5062954679775, 471.5062954679775, 463.68692805105786, 402.78407246975553, 367.87150298610027, 367.87150298610027, 367.87150298610027, 367.87150298610027, 367.87150298610027, 356.61548560485386, 356.61548560485386, 317.0610185119809, 317.0610185119809, 317.0610185119809, 317.0610185119809, 317.0610185119809, 231.24047824090937, 231.24047824090937, 231.24047824090937, 231.24047824090937, 231.24047824090937, 231.24047824090937, 231.24047824090937, 231.24047824090937, 231.24047824090937, 231.24047824090937, 231.24047824090937, 231.24047824090937, 231.24047824090937, 231.24047824090937, 231.24047824090937, 231.24047824090937, 231.24047824090937, 231.24047824090937, 210.6696782428624, 210.6696782428624, 210.6696782428624, 210.6696782428624, 210.6696782428624]","[0.5665724545620316, 0.05786066032924691, 0.3342199678949428, 0.3187071293637602, 0.5968684182793864, 0.44591050339403093, 0.2591966492435166, 0.3338236091920814, 0.42619707443689975, 0.5442873958699732, 0.8910336476425254, 0.5449836604514159, 0.3660344867043005, 0.7078726773815402, 0.6458532305395761, 0.8077714394769252, 0.661647495911846, 0.25290991711646416]"
S1,EnergyFirst,PSO,20,1001000.0,0.12082314491271973,4.271327174925181e-05,1039.7798051260813,1000.0,177570.9390704694,"[1005000.0, 1005000.0, 1005000.0, 1005000.0, 1005000.0, 1005000.0, 1004000.0, 1004000.0, 1004000.0, 1004000.0, 1004000.0, 1004000.0, 1004000.0, 1004000.0, 1004000.0, 1003000.0, 1003000.0, 1003000.0, 1003000.0, 1003000.0, 1003000.0, 1003000.0, 1003000.0, 1003000.0, 1002000.0, 1002000.0, 1002000.0, 1002000.0, 1002000.0, 1002000.0, 1002000.0, 1002000.0, 1002000.0, 1002000.0, 1002000.0, 1002000.0, 1002000.0, 1002000.0, 1002000.0, 1002000.0, 1002000.0, 1002000.0, 1002000.0, 1002000.0, 1002000.0, 1002000.0, 1002000.0, 1002000.0, 1002000.0, 1002000.0, 1002000.0, 1002000.0, 1002000.0, 1002000.0, 1002000.0, 1002000.0, 1002000.0, 1002000.0, 1002000.0, 1002000.0, 1001000.0, 1001000.0, 1001000.0, 1001000.0, 1001000.0, 1001000.0, 1001000.0, 1001000.0, 1001000.0, 1001000.0, 1001000.0, 1001000.0, 1001000.0, 1001000.0, 1001000.0, 1001000.0, 1001000.0, 1001000.0, 1001000.0, 1001000.0, 1001000.0, 1001000.0, 1001000.0, 1001000.0, 1001000.0, 1001000.0, 1001000.0, 1001000.0, 1001000.0, 1001000.0, 1001000.0, 1001000.0, 1001000.0, 1001000.0, 1001000.0, 1001000.0, 1001000.0, 1001000.0, 1001000.0, 1001000.0]","[0.657197852626537, 0.4636120529843737, 0.48676154044082337, 0.3986500413067712, 0.34352318433223133, 0.21693340509725254, 0.2320966337668846, 0.3429820285153662, 0.6041397529414613, 0.45936696115473685, 0.855673819178079, 0.3838307754321667, 0.4625831953670025, 0.6134106390384366, 0.61731512147293, 0.7144765179926806, 0.3966771285588653, 0.2410279242310719]"
S1,EnergyFirst,PSO,21,1001000.0,0.1203610897064209,4.2224171243622704e-05,1990.5486177435669,1000.0,163265.306122449,"[1005000.0, 1005000.0, 1005000.0, 1005000.0, 1004000.0, 1004000.0, 1004000.0, 1004000.0, 1004000.0, 1004000.0, 1004000.0, 1004000.0, 1004000.0, 1004000.0, 1004000.0, 1004000.0, 1004000.0, 1004000.0, 1004000.0, 1004000.0, 1004000.0, 1004000.0, 1004000.0, 1004000.0, 1004000.0, 1003000.0, 1003000.0, 1003000.0, 1003000.0, 1003000.0, 1003000.0, 1003000.0, 1003000.0, 1002000.0, 1002000.0, 1002000.0, 1002000.0, 1002000.0, 1002000.0, 1002000.0, 1002000.0, 1002000.0, 1002000.0, 1002000.0, 1002000.0, 1002000.0, 1002000.0, 1002000.0, 1002000.0, 1002000.0, 1002000.0, 1002000.0, 1002000.0, 1002000.0, 1002000.0, 1002000.0, 1002000.0, 1002000.0, 1002000.0, 1002000.0, 1002000.0, 1002000.0, 1002000.0, 1001000.0, 1001000.0, 1001000.0, 1001000.0, 1001000.0, 1001000.0, 1001000.0, 1001000.0, 1001000.0, 1001000.0, 1001000.0, 1001000.0, 1001000.0, 1001000.0, 1001000.0, 1001000.0, 1001000.0, 1001000.0, 1001000.0, 1001000.0, 1001000.0, 1001000.0, 1001000.0, 1001000.0, 1001000.0, 1001000.0, 1001000.0, 1001000.0, 1001000.0, 1001000.0, 1001000.0, 1001000.0, 1001000.0, 1001000.0, 1001000.0, 1001000.0, 1001000.0]","[0.5653069717962014, 0.13584929261421108, 0.5035326581477138, 0.3266755665870699, 0.6950793974948243, 0.20787339584189232, 0.22388004122617944, 0.27177868297174457, 0.6209195250261147, 0.5376493788302402, 0.37138737212830997, 0.684094759174241, 0.35485985843055184, 0.9499587891753469, 0.5929867164760461, 0.6505644181183768, 0.5658784411383729, 0.6928044720951663]"
S1,EnergyFirst,PSO,22,1002000.0,0.12094473838806152,4.28238655270405e-05,2360.68744136284,2000.0,163265.306122449,"[1005000.0, 1005000.0, 1005000.0, 1004000.0, 1004000.0, 1004000.0, 1003000.0, 1003000.0, 1003000.0, 1003000.0, 1003000.0, 1003000.0, 1003000.0, 1003000.0, 1002000.0, 1002000.0, 1002000.0, 1002000.0, 1002000.0, 1002000.0, 1002000.0, 1002000.0, 1002000.0, 1002000.0, 1002000.0, 1002000.0, 1002000.0, 1002000.0, 1002000.0, 1002000.0, 1002000.0, 1002000.0, 1002000.0, 1002000.0, 1002000.0, 1002000.0, 1002000.0, 1002000.0, 1002000.0, 1002000.0, 1002000.0, 1002000.0, 1002000.0, 1002000.0, 1002000.0, 1002000.0, 1002000.0, 1002000.0, 1002000.0, 1002000.0, 1002000.0, 1002000.0, 1002000.0, 1002000.0, 1002000.0, 1002000.0, 1002000.0, 1002000.0, 1002000.0, 1002000.0, 1002000.0, 1002000.0, 1002000.0, 1002000.0, 1002000.0, 1002000.0, 1002000.0, 1002000.0, 1002000.0, 1002000.0, 1002000.0, 1002000.0, 1002000.0, 1002000.0, 1002000.0, 1002000.0, 1002000.0, 1002000.0, 1002000.0, 1002000.0, 1002000.0, 1002000.0, 1002000.0, 1002000.0, 1002000.0, 1002000.0, 1002000.0, 1002000.0, 1002000.0, 1002000.0, 1002000.0, 1002000.0, 1002000.0, 1002000.0, 1002000.0, 1002000.0, 1002000.0, 1002000.0, 1002000.0, 1002000.0]","[0.15003109941850917, 0.47152069023535464, 0.5300103091013597, 0.21746283539816316, 0.3057340837290356, 0.25901518584357486, 0.27005619015911586, 0.41843090567587504, 0.5106251352079942, 0.4929541258863177, 0.8314848353967426, 0.5452046185200189, 0.24260069482371743, 0.5210188443778099, 0.6413556909420912, 0.9420298778851123, 0.19785059311468609, 0.4125806801525631]"
S1,EnergyFirst,PSO,23,1001000.0,0.1226348876953125,4.228872266742107e-05,2777.5128731465766,1000.0,163265.306122449,"[1005000.0, 1005000.0, 1005000.0, 1005000.0, 1004000.0, 1002000.0, 1002000.0, 1002000.0, 1002000.0, 1002000.0, 1002000.0, 1002000.0, 1002000.0, 1002000.0, 1002000.0, 1002000.0, 1002000.0, 1002000.0, 1002000.0, 1002000.0, 1002000.0, 1002000.0, 1002000.0, 1002000.0, 1002000.0, 1002000.0, 1002000.0, 1002000.0, 1002000.0, 1002000.0, 1002000.0, 1002000.0, 1002000.0, 1002000.0, 1002000.0, 1002000.0, 1002000.0, 1002000.0, 1002000.0, 1002000.0, 1002000.0, 1002000.0, 1002000.0, 1002000.0, 1002000.0, 1002000.0, 1002000.0, 1002000.0, 1002000.0, 1002000.0, 1002000.0, 1002000.0, 1002000.0, 1002000.0, 1002000.0, 1002000.0, 1002000.0, 1002000.0, 1002000.0, 1002000.0, 1002000.0, 1002000.0, 1002000.0, 1002000.0, 1002000.0, 1002000.0, 1002000.0, 1002000.0, 1002000.0, 1002000.0, 1002000.0, 1002000.0, 1002000.0, 1002000.0, 1002000.0, 1002000.0, 1002000.0, 1002000.0, 1002000.0, 1002000.0, 1002000.0, 1002000.0, 1002000.0, 1001000.0, 1001000.0, 1001000.0, 1001000.0, 1001000.0, 1001000.0, 1001000.0, 1001000.0, 1001000.0, 1001000.0, 1001000.0, 1001000.0, 1001000.0, 1001000.0, 1001000.0, 1001000.0, 1001000.0]","[0.42149432994755887, 0.05079291899256411, 0.45670971509470554, 0.44528105989797573, 0.6969910165945016, 0.34007813015929667, 0.6634123314584981, 0.0716504770848753, 0.5595900062215445, 0.4712205765108748, 0.7410396996330142, 0.4962347772962078, 0.3718219512730767, 0.8820294641061761, 0.6348545794855683, 0.7139767803796655, 0.039719133152660846, 0.6605631747196717]"
S1,EnergyFirst,PSO,24,1002000.0,0.12462711334228516,4.271403058103954e-05,2484.713609542042,2000.0,163265.306122449,"[1005000.0, 1005000.0, 1005000.0, 1005000.0, 1004000.0, 1004000.0, 1004000.0, 1004000.0, 1003000.0, 1003000.0, 1003000.0, 1003000.0, 1003000.0, 1003000.0, 1003000.0, 1003000.0, 1003000.0, 1003000.0, 1002000.0, 1002000.0, 1002000.0, 1002000.0, 1002000.0, 1002000.0, 1002000.0, 1002000.0, 1002000.0, 1002000.0, 1002000.0, 1002000.0, 1002000.0, 1002000.0, 1002000.0, 1002000.0, 1002000.0, 1002000.0, 1002000.0, 1002000.0, 1002000.0, 1002000.0, 1002000.0, 1002000.0, 1002000.0, 1002000.0, 1002000.0, 1002000.0, 1002000.0, 1002000.0, 1002000.0, 1002000.0, 1002000.0, 1002000.0, 1002000.0, 1002000.0, 1002000.0, 1002000.0, 1002000.0, 1002000.0, 1002000.0, 1002000.0, 1002000.0, 1002000.0, 1002000.0, 1002000.0, 1002000.0, 1002000.0, 1002000.0, 1002000.0, 1002000.0, 1002000.0, 1002000.0, 1002000.0, 1002000.0, 1002000.0, 1002000.0, 1002000.0, 1002000.0, 1002000.0, 1002000.0, 1002000.0, 1002000.0, 1002000.0, 1002000.0, 1002000.0, 1002000.0, 1002000.0, 1002000.0, 1002000.0, 1002000.0, 1002000.0, 1002000.0, 1002000.0, 1002000.0, 1002000.0, 1002000.0, 1002000.0, 1002000.0, 1002000.0, 1002000.0, 1002000.0]","[0.5152184803318771, 0.05196467679046146, 0.6475248351474419, 0.37949484986825166, 0.3842010060272634, 0.4402653083691974, 0.24147546566587894, 0.2717024442159157, 0.4833447178346564, 0.4746484515062362, 0.5476149436860946, 0.21091214880785406, 0.40413790995127824, 0.9227768217366056, 0.8713645245651487, 0.621187104323247, 0.31926496424212686, 0.7114033182164713]"
S1,EnergyFirst,PSO,25,1001000.0,0.1251978874206543,4.362440949282981e-05,5620.046981969553,1000.0,163265.306122449,"[1006000.0, 1005000.0, 1005000.0, 1004000.0, 1004000.0, 1004000.0, 1004000.0, 1004000.0, 1004000.0, 1003000.0, 1003000.0, 1003000.0, 1002000.0, 1002000.0, 1002000.0, 1002000.0, 1002000.0, 1002000.0, 1002000.0, 1002000.0, 1001000.0, 1001000.0, 1001000.0, 1001000.0, 1001000.0, 1001000.0, 1001000.0, 1001000.0, 1001000.0, 1001000.0, 1001000.0, 1001000.0, 1001000.0, 1001000.0, 1001000.0, 1001000.0, 1001000.0, 1001000.0, 1001000.0, 1001000.0, 1001000.0, 1001000.0, 1001000.0, 1001000.0, 1001000.0, 1001000.0, 1001000.0, 1001000.0, 1001000.0, 1001000.0, 1001000.0, 1001000.0, 1001000.0, 1001000.0, 1001000.0, 1001000.0, 1001000.0, 1001000.0, 1001000.0, 1001000.0, 1001000.0, 1001000.0, 1001000.0, 1001000.0, 1001000.0, 1001000.0, 1001000.0, 1001000.0, 1001000.0, 1001000.0, 1001000.0, 1001000.0, 1001000.0, 1001000.0, 1001000.0, 1001000.0, 1001000.0, 1001000.0, 1001000.0, 1001000.0, 1001000.0, 1001000.0, 1001000.0, 1001000.0, 1001000.0, 1001000.0, 1001000.0, 1001000.0, 1001000.0, 1001000.0, 1001000.0, 1001000.0, 1001000.0, 1001000.0, 1001000.0, 1001000.0, 1001000.0, 1001000.0, 1001000.0, 1001000.0]","[0.16256383356111664, 0.2704824493161247, 0.4125999468804288, 0.24868253914035016, 0.5540452895955948, 0.315896062940591, 0.2570049462898506, 0.3123762413906544, 0.6346947591684086, 0.4791843885895693, 0.7224396358111562, 0.31552495220971877, 0.37806487656192883, 0.6566884925382708, 0.5391963935083166, 0.9166696741622014, 0.041256542770111905, 0.03621495866680037]"
S1,EnergyFirst,PSO,26,0.3255131271298884,0.14874482154846191,4.08512765631357e-05,0.0,0.0,177773.82312809475,"[1005000.0, 1004000.0, 1003000.0, 1003000.0, 1003000.0, 1003000.0, 1003000.0, 1002000.0, 1001000.0, 1001000.0, 1001000.0, 1001000.0, 1001000.0, 1001000.0, 1001000.0, 1001000.0, 1001000.0, 1001000.0, 1001000.0, 1001000.0, 1001000.0, 1001000.0, 1001000.0, 1001000.0, 665.0967863376362, 665.0967863376362, 665.0967863376362, 312.79852728587093, 93.87030458352831, 53.44497760170848, 53.44497760170848, 0.3274611394715137, 0.3274611394715137, 0.3274611394715137, 0.3274611394715137, 0.3274611394715137, 0.32745632417003334, 0.32745632417003334, 0.32745632417003334, 0.32745632417003334, 0.32745632417003334, 0.32745632417003334, 0.32745632417003334, 0.32745632417003334, 0.32745632417003334, 0.32745632417003334, 0.32745632417003334, 0.32745632417003334, 0.32745632417003334, 0.32745632417003334, 0.32745632417003334, 0.32745632417003334, 0.32745632417003334, 0.326793984231031, 0.326793984231031, 0.326793984231031, 0.326793984231031, 0.326793984231031, 0.326793984231031, 0.326793984231031, 0.326793984231031, 0.326793984231031, 0.326793984231031, 0.326793984231031, 0.326793984231031, 0.326793984231031, 0.3267804595087531, 0.3267804595087531, 0.3267804595087531, 0.3267804595087531, 0.3267804595087531, 0.3267804595087531, 0.3267804595087531, 0.3267804595087531, 0.3266776731029777, 0.3266776731029777, 0.3266776731029777, 0.3266776731029777, 0.3266776731029777, 0.3266776731029777, 0.3266776731029777, 0.3266776731029777, 0.3266776731029777, 0.3266776731029777, 0.32625895934921384, 0.32625895934921384, 0.32625895934921384, 0.32625895934921384, 0.32625895934921384, 0.32625895934921384, 0.32625895934921384, 0.32625895934921384, 0.32625895934921384, 0.32625895934921384, 0.3255131271298884, 0.3255131271298884, 0.3255131271298884, 0.3255131271298884, 0.3255131271298884, 0.3255131271298884]","[0.5776754535801131, 0.11045465713389044, 0.47095159470673315, 0.3876197974383869, 0.6219628830693988, 0.373106451609508, 0.2101406147196361, 0.35826702031094343, 0.49567061066011026, 0.4777459938688769, 0.7648435427765131, 0.30432887712306456, 0.42928155985902844, 0.6399146024580348, 0.6179164730745573, 0.9227690448893587, 0.5636465523818481, 0.45023893960639705]"
S1,EnergyFirst,PSO,27,1001000.0,0.12887883186340332,4.1727565110414805e-05,311.4820713944212,1000.0,163265.306122449,"[1005000.0, 1004000.0, 1004000.0, 1004000.0, 1004000.0, 1004000.0, 1003000.0, 1002000.0, 1002000.0, 1002000.0, 1002000.0, 1002000.0, 1002000.0, 1002000.0, 1002000.0, 1002000.0, 1002000.0, 1002000.0, 1002000.0, 1002000.0, 1002000.0, 1002000.0, 1002000.0, 1002000.0, 1002000.0, 1002000.0, 1002000.0, 1002000.0, 1002000.0, 1002000.0, 1002000.0, 1002000.0, 1002000.0, 1002000.0, 1002000.0, 1002000.0, 1002000.0, 1001000.0, 1001000.0, 1001000.0, 1001000.0, 1001000.0, 1001000.0, 1001000.0, 1001000.0, 1001000.0, 1001000.0, 1001000.0, 1001000.0, 1001000.0, 1001000.0, 1001000.0, 1001000.0, 1001000.0, 1001000.0, 1001000.0, 1001000.0, 1001000.0, 1001000.0, 1001000.0, 1001000.0, 1001000.0, 1001000.0, 1001000.0, 1001000.0, 1001000.0, 1001000.0, 1001000.0, 1001000.0, 1001000.0, 1001000.0, 1001000.0, 1001000.0, 1001000.0, 1001000.0, 1001000.0, 1001000.0, 1001000.0, 1001000.0, 1001000.0, 1001000.0, 1001000.0, 1001000.0, 1001000.0, 1001000.0, 1001000.0, 1001000.0, 1001000.0, 1001000.0, 1001000.0, 1001000.0, 1001000.0, 1001000.0, 1001000.0, 1001000.0, 1001000.0, 1001000.0, 1001000.0, 1001000.0, 1001000.0]","[0.5237453632812815, 0.7974463725754417, 0.5220775939546052, 0.28128359016158844, 0.6313900317356191, 0.3595361464431257, 0.13808145688981976, 0.374799997274344, 0.4027598917220486, 0.5331339568404985, 0.8950760472826753, 0.5435669699006958, 0.47667717599503096, 0.6879670771453108, 0.5483073251191266, 0.7440471170571734, 0.3446434565962079, 0.6652363413100035]"
S1,EnergyFirst,PSO,28,1001000.0,0.12204790115356445,4.272750770104002e-05,3238.093678113718,1000.0,163265.306122449,"[1005000.0, 1004000.0, 1004000.0, 1004000.0, 1004000.0, 1003000.0, 1002000.0, 1002000.0, 1002000.0, 1002000.0, 1002000.0, 1002000.0, 1002000.0, 1002000.0, 1002000.0, 1002000.0, 1002000.0, 1002000.0, 1002000.0, 1001000.0, 1001000.0, 1001000.0, 1001000.0, 1001000.0, 1001000.0, 1001000.0, 1001000.0, 1001000.0, 1001000.0, 1001000.0, 1001000.0, 1001000.0, 1001000.0, 1001000.0, 1001000.0, 1001000.0, 1001000.0, 1001000.0, 1001000.0, 1001000.0, 1001000.0, 1001000.0, 1001000.0, 1001000.0, 1001000.0, 1001000.0, 1001000.0, 1001000.0, 1001000.0, 1001000.0, 1001000.0, 1001000.0, 1001000.0, 1001000.0, 1001000.0, 1001000.0, 1001000.0, 1001000.0, 1001000.0, 1001000.0, 1001000.0, 1001000.0, 1001000.0, 1001000.0, 1001000.0, 1001000.0, 1001000.0, 1001000.0, 1001000.0, 1001000.0, 1001000.0, 1001000.0, 1001000.0, 1001000.0, 1001000.0, 1001000.0, 1001000.0, 1001000.0, 1001000.0, 1001000.0, 1001000.0, 1001000.0, 1001000.0, 1001000.0, 1001000.0, 1001000.0, 1001000.0, 1001000.0, 1001000.0, 1001000.0, 1001000.0, 1001000.0, 1001000.0, 1001000.0, 1001000.0, 1001000.0, 1001000.0, 1001000.0, 1001000.0, 1001000.0]","[0.4668981715831813, 0.10146157411090473, 0.660443207210986, 0.36679877888982226, 0.393799206322267, 0.42208942000726146, 0.23954445604049163, 0.29275437615390887, 0.6725935229388111, 0.479911816503611, 0.7416414263242019, 0.31364315741219817, 0.7539400671557975, 0.7038645016604357, 0.5473423598768986, 0.6624818997471293, 0.4022013196869968, 0.8814493082005147]"
S1,EnergyFirst,PSO,29,1002000.0,0.11958098411560059,4.2475958325440856e-05,1019.3568641506893,2000.0,177710.11503690868,"[1005000.0, 1004000.0, 1004000.0, 1004000.0, 1003000.0, 1003000.0, 1003000.0, 1003000.0, 1003000.0, 1003000.0, 1003000.0, 1003000.0, 1003000.0, 1003000.0, 1003000.0, 1002000.0, 1002000.0, 1002000.0, 1002000.0, 1002000.0, 1002000.0, 1002000.0, 1002000.0, 1002000.0, 1002000.0, 1002000.0, 1002000.0, 1002000.0, 1002000.0, 1002000.0, 1002000.0, 1002000.0, 1002000.0, 1002000.0, 1002000.0, 1002000.0, 1002000.0, 1002000.0, 1002000.0, 1002000.0, 1002000.0, 1002000.0, 1002000.0, 1002000.0, 1002000.0, 1002000.0, 1002000.0, 1002000.0, 1002000.0, 1002000.0, 1002000.0, 1002000.0, 1002000.0, 1002000.0, 1002000.0, 1002000.0, 1002000.0, 1002000.0, 1002000.0, 1002000.0, 1002000.0, 1002000.0, 1002000.0, 1002000.0, 1002000.0, 1002000.0, 1002000.0, 1002000.0, 1002000.0, 1002000.0, 1002000.0, 1002000.0, 1002000.0, 1002000.0, 1002000.0, 1002000.0, 1002000.0, 1002000.0, 1002000.0, 1002000.0, 1002000.0, 1002000.0, 1002000.0, 1002000.0, 1002000.0, 1002000.0, 1002000.0, 1002000.0, 1002000.0, 1002000.0, 1002000.0, 1002000.0, 1002000.0, 1002000.0, 1002000.0, 1002000.0, 1002000.0, 1002000.0, 1002000.0, 1002000.0]","[0.9052120226253035, 0.33099677391303833, 0.3162282026633319, 0.3158914815507215, 0.35185164605181257, 0.21527663433368405, 0.12169637409274149, 0.4716926055291751, 0.3334815122636522, 0.4703275976907119, 0.7269862864610148, 0.3879594643035904, 0.2576378992092508, 0.17973171092865692, 0.6411169174508279, 0.745609169042606, 0.4174172478750109, 0.44052594645734755]"
S1,EnergyFirst,PSO,30,1001000.0,0.12183094024658203,4.22255407012213e-05,1964.4671220059322,1000.0,163265.306122449,"[1003000.0, 1003000.0, 1003000.0, 1003000.0, 1003000.0, 1003000.0, 1003000.0, 1003000.0, 1003000.0, 1003000.0, 1002000.0, 1002000.0, 1002000.0, 1002000.0, 1002000.0, 1001000.0, 1001000.0, 1001000.0, 1001000.0, 1001000.0, 1001000.0, 1001000.0, 1001000.0, 1001000.0, 1001000.0, 1001000.0, 1001000.0, 1001000.0, 1001000.0, 1001000.0, 1001000.0, 1001000.0, 1001000.0, 1001000.0, 1001000.0, 1001000.0, 1001000.0, 1001000.0, 1001000.0, 1001000.0, 1001000.0, 1001000.0, 1001000.0, 1001000.0, 1001000.0, 1001000.0, 1001000.0, 1001000.0, 1001000.0, 1001000.0, 1001000.0, 1001000.0, 1001000.0, 1001000.0, 1001000.0, 1001000.0, 1001000.0, 1001000.0, 1001000.0, 1001000.0, 1001000.0, 1001000.0, 1001000.0, 1001000.0, 1001000.0, 1001000.0, 1001000.0, 1001000.0, 1001000.0, 1001000.0, 1001000.0, 1001000.0, 1001000.0, 1001000.0, 1001000.0, 1001000.0, 1001000.0, 1001000.0, 1001000.0, 1001000.0, 1001000.0, 1001000.0, 1001000.0, 1001000.0, 1001000.0, 1001000.0, 1001000.0, 1001000.0, 1001000.0, 1001000.0, 1001000.0, 1001000.0, 1001000.0, 1001000.0, 1001000.0, 1001000.0, 1001000.0, 1001000.0, 1001000.0, 1001000.0]","[0.9152411481053154, 0.42397938570481075, 0.3866942715452207, 0.3744004328660253, 0.6348768603760887, 0.32490484039294076, 0.2217825489298127, 0.32210304560777364, 0.5364107683808732, 0.5104643663920396, 0.759834998543431, 0.4700372811760092, 0.3631536675278367, 0.8471052706438551, 0.6077670389344529, 0.7730819865418985, 0.4149844917827209, 0.6868222650836887]"
S1,EnergyFirst,PSO,31,0.32856753363381674,0.12259030342102051,4.147859964195007e-05,672.017827037277,0.0,172734.93281328774,"[1005000.0, 1005000.0, 1005000.0, 1004000.0, 1004000.0, 1003000.0, 1003000.0, 1003000.0, 1003000.0, 1003000.0, 1003000.0, 1003000.0, 1003000.0, 1003000.0, 1003000.0, 1003000.0, 1003000.0, 1003000.0, 1003000.0, 1003000.0, 1002000.0, 1002000.0, 1002000.0, 1002000.0, 1002000.0, 1002000.0, 1002000.0, 1002000.0, 1002000.0, 1002000.0, 1002000.0, 1002000.0, 1002000.0, 1002000.0, 1002000.0, 1002000.0, 1002000.0, 1002000.0, 1002000.0, 1002000.0, 1002000.0, 1002000.0, 1002000.0, 1002000.0, 1002000.0, 1002000.0, 1002000.0, 1002000.0, 1002000.0, 1002000.0, 1002000.0, 1002000.0, 1002000.0, 1002000.0, 1002000.0, 1002000.0, 1002000.0, 1001000.0, 1001000.0, 1001000.0, 1001000.0, 1001000.0, 1001000.0, 1001000.0, 1001000.0, 1001000.0, 1001000.0, 1001000.0, 1001000.0, 1001000.0, 1001000.0, 1001000.0, 1001000.0, 1001000.0, 1001000.0, 1001000.0, 1001000.0, 1001000.0, 1001000.0, 1001000.0, 333.5388340054185, 96.46783011984986, 96.46783011984986, 19.126685237686644, 19.126685237686644, 19.126685237686644, 19.126685237686644, 19.126685237686644, 0.32856753363381674, 0.32856753363381674, 0.32856753363381674, 0.32856753363381674, 0.32856753363381674, 0.32856753363381674, 0.32856753363381674, 0.32856753363381674, 0.32856753363381674, 0.32856753363381674, 0.32856753363381674, 0.32856753363381674]","[0.5174701330018874, 0.1232220974497405, 0.5004857157788059, 0.27877255470466705, 0.44472108685985046, 0.36163010002863527, 0.2999889470018435, 0.4854381924248029, 0.5881331296105272, 0.4839074833288087, 0.867804551114791, 0.4269336498864844, 0.36339120697960303, 0.7035464512489874, 0.6190217194068455, 0.8290064064001218, 0.6614565372648469, 0.49862449163425343]"
S1,EnergyFirst,PSO,32,1002000.0,0.11997795104980469,4.175822512693455e-05,1417.9541546867108,2000.0,169758.91577947815,"[1005000.0, 1004000.0, 1004000.0, 1003000.0, 1003000.0, 1003000.0, 1002000.0, 1002000.0, 1002000.0, 1002000.0, 1002000.0, 1002000.0, 1002000.0, 1002000.0, 1002000.0, 1002000.0, 1002000.0, 1002000.0, 1002000.0, 1002000.0, 1002000.0, 1002000.0, 1002000.0, 1002000.0, 1002000.0, 1002000.0, 1002000.0, 1002000.0, 1002000.0, 1002000.0, 1002000.0, 1002000.0, 1002000.0, 1002000.0, 1002000.0, 1002000.0, 1002000.0, 1002000.0, 1002000.0, 1002000.0, 1002000.0, 1002000.0, 1002000.0, 1002000.0, 1002000.0, 1002000.0, 1002000.0, 1002000.0, 1002000.0, 1002000.0, 1002000.0, 1002000.0, 1002000.0, 1002000.0, 1002000.0, 1002000.0, 1002000.0, 1002000.0, 1002000.0, 1002000.0, 1002000.0, 1002000.0, 1002000.0, 1002000.0, 1002000.0, 1002000.0, 1002000.0, 1002000.0, 1002000.0, 1002000.0, 1002000.0, 1002000.0, 1002000.0, 1002000.0, 1002000.0, 1002000.0, 1002000.0, 1002000.0, 1002000.0, 1002000.0, 1002000.0, 1002000.0, 1002000.0, 1002000.0, 1002000.0, 1002000.0, 1002000.0, 1002000.0, 1002000.0, 1002000.0, 1002000.0, 1002000.0, 1002000.0, 1002000.0, 1002000.0, 1002000.0, 1002000.0, 1002000.0, 1002000.0, 1002000.0]","[0.6255719748331867, 0.26697603694313465, 0.6692745294504334, 0.4365653634936655, 0.35763677200549976, 0.43774552920146154, 0.16257129592825195, 0.31125890036339815, 0.5068173261135145, 0.45558274114393427, 0.3679700825671544, 0.5619425017907573, 0.3545049269985662, 0.8136142441575439, 0.5304302016009054, 0.69129259711264, 0.6598336672417334, 0.7289181398647653]"
S1,EnergyFirst,PSO,33,1002000.0,0.12166285514831543,4.156266783431724e-05,51.72592713684239,2000.0,175524.16459078394,"[1004000.0, 1004000.0, 1004000.0, 1004000.0, 1004000.0, 1004000.0, 1004000.0, 1004000.0, 1004000.0, 1004000.0, 1004000.0, 1004000.0, 1004000.0, 1004000.0, 1004000.0, 1004000.0, 1004000.0, 1004000.0, 1004000.0, 1004000.0, 1004000.0, 1003000.0, 1003000.0, 1003000.0, 1003000.0, 1003000.0, 1003000.0, 1003000.0, 1002000.0, 1002000.0, 1002000.0, 1002000.0, 1002000.0, 1002000.0, 1002000.0, 1002000.0, 1002000.0, 1002000.0, 1002000.0, 1002000.0, 1002000.0, 1002000.0, 1002000.0, 1002000.0, 1002000.0, 1002000.0, 1002000.0, 1002000.0, 1002000.0, 1002000.0, 1002000.0, 1002000.0, 1002000.0, 1002000.0, 1002000.0, 1002000.0, 1002000.0, 1002000.0, 1002000.0, 1002000.0, 1002000.0, 1002000.0, 1002000.0, 1002000.0, 1002000.0, 1002000.0, 1002000.0, 1002000.0, 1002000.0, 1002000.0, 1002000.0, 1002000.0, 1002000.0, 1002000.0, 1002000.0, 1002000.0, 1002000.0, 1002000.0, 1002000.0, 1002000.0, 1002000.0, 1002000.0, 1002000.0, 1002000.0, 1002000.0, 1002000.0, 1002000.0, 1002000.0, 1002000.0, 1002000.0, 1002000.0, 1002000.0, 1002000.0, 1002000.0, 1002000.0, 1002000.0, 1002000.0, 1002000.0, 1002000.0, 1002000.0]","[0.30947575304291536, 0.383214668624733, 0.5327839182349821, 0.23913442636834076, 0.5308998457808196, 0.4487202386080748, 0.2673229171819191, 0.4349292114329009, 0.4863184280153157, 0.5481131538080191, 0.8154355546019032, 0.25100388079636876, 0.6935721456463503, 0.3540237238094949, 0.6157772863258327, 0.8707911216059347, 0.5163965518847532, 0.5596585310871367]"
S1,EnergyFirst,PSO,34,1001000.0,0.12043619155883789,4.421375246603537e-05,3726.0667354101315,1000.0,163265.306122449,"[1006000.0, 1006000.0, 1006000.0, 1004000.0, 1004000.0, 1004000.0, 1004000.0, 1004000.0, 1004000.0, 1004000.0, 1003000.0, 1003000.0, 1003000.0, 1003000.0, 1003000.0, 1003000.0, 1003000.0, 1003000.0, 1003000.0, 1003000.0, 1003000.0, 1003000.0, 1003000.0, 1003000.0, 1003000.0, 1003000.0, 1003000.0, 1003000.0, 1003000.0, 1003000.0, 1003000.0, 1002000.0, 1002000.0, 1002000.0, 1002000.0, 1002000.0, 1002000.0, 1002000.0, 1002000.0, 1002000.0, 1002000.0, 1001000.0, 1001000.0, 1001000.0, 1001000.0, 1001000.0, 1001000.0, 1001000.0, 1001000.0, 1001000.0, 1001000.0, 1001000.0, 1001000.0, 1001000.0, 1001000.0, 1001000.0, 1001000.0, 1001000.0, 1001000.0, 1001000.0, 1001000.0, 1001000.0, 1001000.0, 1001000.0, 1001000.0, 1001000.0, 1001000.0, 1001000.0, 1001000.0, 1001000.0, 1001000.0, 1001000.0, 1001000.0, 1001000.0, 1001000.0, 1001000.0, 1001000.0, 1001000.0, 1001000.0, 1001000.0, 1001000.0, 1001000.0, 1001000.0, 1001000.0, 1001000.0, 1001000.0, 1001000.0, 1001000.0, 1001000.0, 1001000.0, 1001000.0, 1001000.0, 1001000.0, 1001000.0, 1001000.0, 1001000.0, 1001000.0, 1001000.0, 1001000.0, 1001000.0]","[0.03887228471786033, 0.2458089703785512, 0.6572691055106404, 0.39381648584395523, 0.6662116572935666, 0.2872456049125454, 0.13366882161337812, 0.5399755671925259, 0.3215085590108203, 0.5055154253042582, 0.8858725657795973, 0.41487245428579705, 0.40944268156529756, 0.7780580293144043, 0.5923002295860783, 0.6142307008217059, 0.5828721881108554, 0.07927639243585412]"
S1,EnergyFirst,PSO,35,1002000.0,0.1197500228881836,4.31582689749104e-05,3972.930777855107,2000.0,163265.306122449,"[1005000.0, 1005000.0, 1005000.0, 1004000.0, 1004000.0, 1004000.0, 1004000.0, 1004000.0, 1004000.0, 1004000.0, 1004000.0, 1004000.0, 1004000.0, 1003000.0, 1003000.0, 1003000.0, 1003000.0, 1003000.0, 1003000.0, 1003000.0, 1003000.0, 1003000.0, 1003000.0, 1003000.0, 1003000.0, 1003000.0, 1003000.0, 1003000.0, 1003000.0, 1003000.0, 1003000.0, 1003000.0, 1003000.0, 1003000.0, 1003000.0, 1003000.0, 1003000.0, 1003000.0, 1003000.0, 1003000.0, 1003000.0, 1003000.0, 1003000.0, 1003000.0, 1003000.0, 1003000.0, 1003000.0, 1003000.0, 1003000.0, 1003000.0, 1003000.0, 1003000.0, 1003000.0, 1003000.0, 1003000.0, 1003000.0, 1003000.0, 1003000.0, 1003000.0, 1003000.0, 1003000.0, 1003000.0, 1003000.0, 1003000.0, 1003000.0, 1003000.0, 1003000.0, 1003000.0, 1003000.0, 1003000.0, 1003000.0, 1003000.0, 1003000.0, 1003000.0, 1003000.0, 1003000.0, 1003000.0, 1003000.0, 1002000.0, 1002000.0, 1002000.0, 1002000.0, 1002000.0, 1002000.0, 1002000.0, 1002000.0, 1002000.0, 1002000.0, 1002000.0, 1002000.0, 1002000.0, 1002000.0, 1002000.0, 1002000.0, 1002000.0, 1002000.0, 1002000.0, 1002000.0, 1002000.0, 1002000.0]","[0.2166422760130448, 0.8471274373139164, 0.6667895592496491, 0.32172815943233307, 0.6679614748546696, 0.40811558822162, 0.2535901397986361, 0.43477154881830604, 0.30604821212545724, 0.5178111055884013, 0.8720628982399804, 0.3411923090378869, 0.41717034928346036, 0.8525255258864708, 0.8762007001622689, 0.06018171199022271, 0.24880943362158925, 0.32979372246896516]"
S1,EnergyFirst,PSO,36,1001000.0,0.12015199661254883,4.223075624739419e-05,1085.2506424648254,1000.0,177576.47487015356,"[1005000.0, 1005000.0, 1004000.0, 1004000.0, 1004000.0, 1003000.0, 1003000.0, 1003000.0, 1003000.0, 1003000.0, 1003000.0, 1003000.0, 1003000.0, 1003000.0, 1003000.0, 1002000.0, 1002000.0, 1002000.0, 1002000.0, 1002000.0, 1001000.0, 1001000.0, 1001000.0, 1001000.0, 1001000.0, 1001000.0, 1001000.0, 1001000.0, 1001000.0, 1001000.0, 1001000.0, 1001000.0, 1001000.0, 1001000.0, 1001000.0, 1001000.0, 1001000.0, 1001000.0, 1001000.0, 1001000.0, 1001000.0, 1001000.0, 1001000.0, 1001000.0, 1001000.0, 1001000.0, 1001000.0, 1001000.0, 1001000.0, 1001000.0, 1001000.0, 1001000.0, 1001000.0, 1001000.0, 1001000.0, 1001000.0, 1001000.0, 1001000.0, 1001000.0, 1001000.0, 1001000.0, 1001000.0, 1001000.0, 1001000.0, 1001000.0, 1001000.0, 1001000.0, 1001000.0, 1001000.0, 1001000.0, 1001000.0, 1001000.0, 1001000.0, 1001000.0, 1001000.0, 1001000.0, 1001000.0, 1001000.0, 1001000.0, 1001000.0, 1001000.0, 1001000.0, 1001000.0, 1001000.0, 1001000.0, 1001000.0, 1001000.0, 1001000.0, 1001000.0, 1001000.0, 1001000.0, 1001000.0, 1001000.0, 1001000.0, 1001000.0, 1001000.0, 1001000.0, 1001000.0, 1001000.0, 1001000.0]","[0.5687559460713135, 0.12074974327025734, 0.6407666617723362, 0.4409044214677357, 0.3322277529912536, 0.3495761714580718, 0.16112326992214904, 0.3430694975217797, 0.6309456786808849, 0.45197726003953553, 0.8962916340588708, 0.2768594575576446, 0.42498950257382295, 0.6720678066467992, 0.8703472327669375, 0.25360099074496323, 0.5523431474213361, 0.5913760905236717]"
S1,EnergyFirst,PSO,37,1001000.0,0.12118411064147949,4.1653456719198345e-05,2029.2335958897752,1000.0,163265.306122449,"[1005000.0, 1004000.0, 1004000.0, 1004000.0, 1004000.0, 1004000.0, 1004000.0, 1004000.0, 1004000.0, 1004000.0, 1003000.0, 1003000.0, 1003000.0, 1003000.0, 1003000.0, 1003000.0, 1003000.0, 1003000.0, 1003000.0, 1003000.0, 1003000.0, 1002000.0, 1002000.0, 1002000.0, 1002000.0, 1002000.0, 1002000.0, 1002000.0, 1002000.0, 1002000.0, 1002000.0, 1002000.0, 1002000.0, 1002000.0, 1002000.0, 1002000.0, 1002000.0, 1002000.0, 1001000.0, 1001000.0, 1001000.0, 1001000.0, 1001000.0, 1001000.0, 1001000.0, 1001000.0, 1001000.0, 1001000.0, 1001000.0, 1001000.0, 1001000.0, 1001000.0, 1001000.0, 1001000.0, 1001000.0, 1001000.0, 1001000.0, 1001000.0, 1001000.0, 1001000.0, 1001000.0, 1001000.0, 1001000.0, 1001000.0, 1001000.0, 1001000.0, 1001000.0, 1001000.0, 1001000.0, 1001000.0, 1001000.0, 1001000.0, 1001000.0, 1001000.0, 1001000.0, 1001000.0, 1001000.0, 1001000.0, 1001000.0, 1001000.0, 1001000.0, 1001000.0, 1001000.0, 1001000.0, 1001000.0, 1001000.0, 1001000.0, 1001000.0, 1001000.0, 1001000.0, 1001000.0, 1001000.0, 1001000.0, 1001000.0, 1001000.0, 1001000.0, 1001000.0, 1001000.0, 1001000.0, 1001000.0]","[0.28507643231435614, 0.5691591194030483, 0.5516767966706301, 0.4100271899807586, 0.4683720401446915, 0.3315515573785198, 0.16332255570274457, 0.5180810391835802, 0.4268810101825438, 0.5077717766255404, 0.7155060209444167, 0.4949469961527255, 0.36783966498542164, 0.8975809934218586, 0.5293403326950399, 0.616566441567608, 0.1829746356351287, 0.8579467080192886]"
S1,EnergyFirst,PSO,38,124.41633362796004,0.12060093879699707,4.183534498931187e-05,255.69094001075285,0.0,172136.53210778887,"[1005000.0, 1005000.0, 1005000.0, 1005000.0, 1005000.0, 1004000.0, 1003000.0, 1003000.0, 1003000.0, 1003000.0, 1003000.0, 1003000.0, 1003000.0, 1002000.0, 1002000.0, 1001000.0, 1001000.0, 1001000.0, 1001000.0, 1001000.0, 1001000.0, 1001000.0, 1001000.0, 1001000.0, 1001000.0, 1001000.0, 1001000.0, 1001000.0, 1001000.0, 1001000.0, 1001000.0, 1001000.0, 1001000.0, 1001000.0, 1001000.0, 1001000.0, 1001000.0, 1001000.0, 1001000.0, 1001000.0, 1001000.0, 1001000.0, 1001000.0, 1001000.0, 1001000.0, 1001000.0, 1001000.0, 1001000.0, 1001000.0, 1001000.0, 1001000.0, 1001000.0, 1001000.0, 1001000.0, 1001000.0, 1001000.0, 1001000.0, 1001000.0, 1001000.0, 1001000.0, 1001000.0, 1001000.0, 1001000.0, 1001000.0, 1001000.0, 1001000.0, 1001000.0, 1001000.0, 1001000.0, 1001000.0, 1001000.0, 1001000.0, 1001000.0, 1001000.0, 1001000.0, 1001000.0, 1001000.0, 1001000.0, 1001000.0, 1001000.0, 1001000.0, 1001000.0, 1001000.0, 1001000.0, 1001000.0, 1001000.0, 1001000.0, 1001000.0, 1001000.0, 1001000.0, 1001000.0, 1001000.0, 1001000.0, 1001000.0, 1001000.0, 1001000.0, 1001000.0, 231.21395550247382, 231.21395550247382, 124.41633362796004]","[0.4529123422347904, 0.08108810068757921, 0.36602287232584846, 0.20030191308782622, 0.46216147990016004, 0.2645966858343947, 0.1704514748282473, 0.5006908816916168, 0.38915382884226135, 0.4526602290652963, 0.7733008686689339, 0.4288362145366637, 0.37992578879525407, 0.7996993575702955, 0.6175940888901396, 0.7112283591607349, 0.4082899213277843, 0.5243399040469368]"
S1,EnergyFirst,PSO,39,1001000.0,0.12023282051086426,4.173694251162802e-05,3072.242829790118,1000.0,163265.306122449,"[1005000.0, 1005000.0, 1005000.0, 1005000.0, 1005000.0, 1005000.0, 1005000.0, 1004000.0, 1004000.0, 1004000.0, 1002000.0, 1002000.0, 1002000.0, 1002000.0, 1002000.0, 1002000.0, 1002000.0, 1002000.0, 1002000.0, 1002000.0, 1002000.0, 1002000.0, 1002000.0, 1002000.0, 1002000.0, 1002000.0, 1002000.0, 1002000.0, 1002000.0, 1002000.0, 1002000.0, 1002000.0, 1002000.0, 1001000.0, 1001000.0, 1001000.0, 1001000.0, 1001000.0, 1001000.0, 1001000.0, 1001000.0, 1001000.0, 1001000.0, 1001000.0, 1001000.0, 1001000.0, 1001000.0, 1001000.0, 1001000.0, 1001000.0, 1001000.0, 1001000.0, 1001000.0, 1001000.0, 1001000.0, 1001000.0, 1001000.0, 1001000.0, 1001000.0, 1001000.0, 1001000.0, 1001000.0, 1001000.0, 1001000.0, 1001000.0, 1001000.0, 1001000.0, 1001000.0, 1001000.0, 1001000.0, 1001000.0, 1001000.0, 1001000.0, 1001000.0, 1001000.0, 1001000.0, 1001000.0, 1001000.0, 1001000.0, 1001000.0, 1001000.0, 1001000.0, 1001000.0, 1001000.0, 1001000.0, 1001000.0, 1001000.0, 1001000.0, 1001000.0, 1001000.0, 1001000.0, 1001000.0, 1001000.0, 1001000.0, 1001000.0, 1001000.0, 1001000.0, 1001000.0, 1001000.0, 1001000.0]","[0.9926544266179429, 0.6259665936612139, 0.5727444304655323, 0.4196332457208036, 0.32580650850061754, 0.3452065479430374, 0.24629188114844125, 0.29090418658031414, 0.468707909351621, 0.46619225333672826, 0.8257800401553266, 0.4321731260690502, 0.37481665355945953, 0.6373866239938004, 0.539128113524725, 0.9247008630225004, 0.9015724437123881, 0.8506470232536592]"
S1,EnergyFirst,PSO,40,0.3374501833551174,0.12184786796569824,4.2161390939191e-05,691.887601903133,0.0,177706.97235932056,"[1005000.0, 1005000.0, 1004000.0, 1004000.0, 1004000.0, 1003000.0, 1003000.0, 1003000.0, 1003000.0, 1003000.0, 1003000.0, 1003000.0, 1003000.0, 1003000.0, 1003000.0, 1002000.0, 1002000.0, 1002000.0, 1002000.0, 1002000.0, 1002000.0, 1002000.0, 1002000.0, 1002000.0, 1002000.0, 1002000.0, 1002000.0, 1002000.0, 1002000.0, 1002000.0, 1001000.0, 1001000.0, 1001000.0, 1001000.0, 1001000.0, 1001000.0, 1001000.0, 1001000.0, 1001000.0, 1001000.0, 1001000.0, 1001000.0, 1001000.0, 1001000.0, 1001000.0, 1001000.0, 1001000.0, 1001000.0, 1001000.0, 1001000.0, 1001000.0, 1001000.0, 1001000.0, 1001000.0, 1001000.0, 1001000.0, 1001000.0, 1001000.0, 1001000.0, 1001000.0, 1001000.0, 1001000.0, 1001000.0, 1001000.0, 1001000.0, 1001000.0, 1001000.0, 1001000.0, 115.40139410879239, 115.40139410879239, 68.25109840618104, 68.25109840618104, 68.25109840618104, 68.25109840618104, 68.25109840618104, 68.25109840618104, 68.25109840618104, 68.25109840618104, 68.25109840618104, 68.25109840618104, 68.25109840618104, 44.41089549096754, 44.41089549096754, 44.41089549096754, 44.41089549096754, 44.41089549096754, 44.41089549096754, 44.41089549096754, 0.3374501833551174, 0.3374501833551174, 0.3374501833551174, 0.3374501833551174, 0.3374501833551174, 0.3374501833551174, 0.3374501833551174, 0.3374501833551174, 0.3374501833551174, 0.3374501833551174, 0.3374501833551174, 0.3374501833551174]","[0.5252638075686794, 0.11596344071775658, 0.4152044954343915, 0.2875497333965213, 0.3002684656277822, 0.29260367942346105, 0.18028672854683928, 0.5421849383323287, 0.5575514593820254, 0.4680442572048562, 0.7116846079093676, 0.41485816933089015, 0.3842393454207144, 0.6923152276689766, 0.6134264240723593, 0.8683695399063776, 0.38905737329648793, 0.4096969199358717]"
S1,EnergyFirst,PSO,41,1002000.0,0.11989974975585938,4.1154800415597374e-05,415.49351653634403,2000.0,177628.47302860857,"[1006000.0, 1005000.0, 1005000.0, 1004000.0, 1004000.0, 1003000.0, 1003000.0, 1003000.0, 1003000.0, 1003000.0, 1002000.0, 1002000.0, 1002000.0, 1002000.0, 1002000.0, 1002000.0, 1002000.0, 1002000.0, 1002000.0, 1002000.0, 1002000.0, 1002000.0, 1002000.0, 1002000.0, 1002000.0, 1002000.0, 1002000.0, 1002000.0, 1002000.0, 1002000.0, 1002000.0, 1002000.0, 1002000.0, 1002000.0, 1002000.0, 1002000.0, 1002000.0, 1002000.0, 1002000.0, 1002000.0, 1002000.0, 1002000.0, 1002000.0, 1002000.0, 1002000.0, 1002000.0, 1002000.0, 1002000.0, 1002000.0, 1002000.0, 1002000.0, 1002000.0, 1002000.0, 1002000.0, 1002000.0, 1002000.0, 1002000.0, 1002000.0, 1002000.0, 1002000.0, 1002000.0, 1002000.0, 1002000.0, 1002000.0, 1002000.0, 1002000.0, 1002000.0, 1002000.0, 1002000.0, 1002000.0, 1002000.0, 1002000.0, 1002000.0, 1002000.0, 1002000.0, 1002000.0, 1002000.0, 1002000.0, 1002000.0, 1002000.0, 1002000.0, 1002000.0, 1002000.0, 1002000.0, 1002000.0, 1002000.0, 1002000.0, 1002000.0, 1002000.0, 1002000.0, 1002000.0, 1002000.0, 1002000.0, 1002000.0, 1002000.0, 1002000.0, 1002000.0, 1002000.0, 1002000.0, 1002000.0]","[0.4094352105016516, 0.09720531480626247, 0.6317979335393284, 0.4401445801171177, 0.47753136747155894, 0.30337413681703346, 0.41305400625141453, 0.7956187017530407, 0.5201225785448951, 0.4796778067566365, 0.7558648891471751, 0.5368739330254251, 0.764280516931665, 0.41737803811416585, 0.5678738820361741, 0.8738081993329079, 0.6828445327840986, 0.5838675691233669]"
S1,EnergyFirst,PSO,42,1003000.0,0.11879396438598633,4.173264597044657e-05,2012.8886852475675,3000.0,163265.306122449,"[1005000.0, 1005000.0, 1005000.0, 1005000.0, 1004000.0, 1004000.0, 1004000.0, 1004000.0, 1004000.0, 1003000.0, 1003000.0, 1003000.0, 1003000.0, 1003000.0, 1003000.0, 1003000.0, 1003000.0, 1003000.0, 1003000.0, 1003000.0, 1003000.0, 1003000.0, 1003000.0, 1003000.0, 1003000.0, 1003000.0, 1003000.0, 1003000.0, 1003000.0, 1003000.0, 1003000.0, 1003000.0, 1003000.0, 1003000.0, 1003000.0, 1003000.0, 1003000.0, 1003000.0, 1003000.0, 1003000.0, 1003000.0, 1003000.0, 1003000.0, 1003000.0, 1003000.0, 1003000.0, 1003000.0, 1003000.0, 1003000.0, 1003000.0, 1003000.0, 1003000.0, 1003000.0, 1003000.0, 1003000.0, 1003000.0, 1003000.0, 1003000.0, 1003000.0, 1003000.0, 1003000.0, 1003000.0, 1003000.0, 1003000.0, 1003000.0, 1003000.0, 1003000.0, 1003000.0, 1003000.0, 1003000.0, 1003000.0, 1003000.0, 1003000.0, 1003000.0, 1003000.0, 1003000.0, 1003000.0, 1003000.0, 1003000.0, 1003000.0, 1003000.0, 1003000.0, 1003000.0, 1003000.0, 1003000.0, 1003000.0, 1003000.0, 1003000.0, 1003000.0, 1003000.0, 1003000.0, 1003000.0, 1003000.0, 1003000.0, 1003000.0, 1003000.0, 1003000.0, 1003000.0, 1003000.0, 1003000.0]","[0.1577665054656167, 0.9191158845069161, 0.45449651839392236, 0.33385037318062905, 0.487491203892492, 0.4355921164433949, 0.6245294988756147, 0.36429909046944975, 0.6696765748480664, 0.4535185195542677, 0.37921222116294173, 0.6944104356699395, 0.4762473757736766, 0.6100868164929261, 0.6201215650764572, 0.9188894672319267, 0.5672977884487203, 0.9784560504501945]"
S1,EnergyFirst,PSO,43,1001000.0,0.12024116516113281,4.171769469574826e-05,1283.413743563712,1000.0,177769.46901835842,"[1005000.0, 1005000.0, 1005000.0, 1004000.0, 1004000.0, 1004000.0, 1004000.0, 1003000.0, 1003000.0, 1003000.0, 1003000.0, 1003000.0, 1003000.0, 1003000.0, 1002000.0, 1002000.0, 1002000.0, 1002000.0, 1002000.0, 1002000.0, 1002000.0, 1002000.0, 1002000.0, 1002000.0, 1002000.0, 1002000.0, 1002000.0, 1002000.0, 1002000.0, 1002000.0, 1002000.0, 1002000.0, 1002000.0, 1002000.0, 1002000.0, 1002000.0, 1002000.0, 1002000.0, 1002000.0, 1002000.0, 1002000.0, 1002000.0, 1002000.0, 1002000.0, 1002000.0, 1002000.0, 1002000.0, 1002000.0, 1002000.0, 1002000.0, 1001000.0, 1001000.0, 1001000.0, 1001000.0, 1001000.0, 1001000.0, 1001000.0, 1001000.0, 1001000.0, 1001000.0, 1001000.0, 1001000.0, 1001000.0, 1001000.0, 1001000.0, 1001000.0, 1001000.0, 1001000.0, 1001000.0, 1001000.0, 1001000.0, 1001000.0, 1001000.0, 1001000.0, 1001000.0, 1001000.0, 1001000.0, 1001000.0, 1001000.0, 1001000.0, 1001000.0, 1001000.0, 1001000.0, 1001000.0, 1001000.0, 1001000.0, 1001000.0, 1001000.0, 1001000.0, 1001000.0, 1001000.0, 1001000.0, 1001000.0, 1001000.0, 1001000.0, 1001000.0, 1001000.0, 1001000.0, 1001000.0, 1001000.0]","[0.5466301451244139, 0.14935761274983506, 0.5326989258847128, 0.37537535214642725, 0.6727677452551798, 0.3235732483072809, 0.24543210366277413, 0.33637832400457124, 0.45044281555904014, 0.46434513302061997, 0.7492073027342667, 0.27555193634162567, 0.36241271764378175, 0.8740023807179071, 0.20661142469648242, 0.7794870359701601, 0.6096404470153891, 0.4303261319480836]"
S1,EnergyFirst,PSO,44,1002000.0,0.11950325965881348,4.3087117028741925e-05,3514.694340086705,2000.0,172197.00571883196,"[1004000.0, 1004000.0, 1004000.0, 1004000.0, 1003000.0, 1003000.0, 1002000.0, 1002000.0, 1002000.0, 1002000.0, 1002000.0, 1002000.0, 1002000.0, 1002000.0, 1002000.0, 1002000.0, 1002000.0, 1002000.0, 1002000.0, 1002000.0, 1002000.0, 1002000.0, 1002000.0, 1002000.0, 1002000.0, 1002000.0, 1002000.0, 1002000.0, 1002000.0, 1002000.0, 1002000.0, 1002000.0, 1002000.0, 1002000.0, 1002000.0, 1002000.0, 1002000.0, 1002000.0, 1002000.0, 1002000.0, 1002000.0, 1002000.0, 1002000.0, 1002000.0, 1002000.0, 1002000.0, 1002000.0, 1002000.0, 1002000.0, 1002000.0, 1002000.0, 1002000.0, 1002000.0, 1002000.0, 1002000.0, 1002000.0, 1002000.0, 1002000.0, 1002000.0, 1002000.0, 1002000.0, 1002000.0, 1002000.0, 1002000.0, 1002000.0, 1002000.0, 1002000.0, 1002000.0, 1002000.0, 1002000.0, 1002000.0, 1002000.0, 1002000.0, 1002000.0, 1002000.0, 1002000.0, 1002000.0, 1002000.0, 1002000.0, 1002000.0, 1002000.0, 1002000.0, 1002000.0, 1002000.0, 1002000.0, 1002000.0, 1002000.0, 1002000.0, 1002000.0, 1002000.0, 1002000.0, 1002000.0, 1002000.0, 1002000.0, 1002000.0, 1002000.0, 1002000.0, 1002000.0, 1002000.0, 1002000.0]","[0.5621104926913262, 0.13342508412197696, 0.6026928100823674, 0.2647580129244852, 0.32394553569131235, 0.34714701982587975, 0.1476588287767768, 0.2896246137719176, 0.6489171391952524, 0.46792338816463724, 0.6308538364787267, 0.6635994447355015, 0.8432907550504782, 0.33709014109810764, 0.5225154035086843, 0.6354435887777241, 0.9128871835253176, 0.37266621041345543]"
S1,EnergyFirst,PSO,45,1002000.0,0.11923813819885254,4.323276743242555e-05,5262.372486636865,2000.0,163265.306122449,"[1005000.0, 1005000.0, 1005000.0, 1005000.0, 1005000.0, 1004000.0, 1004000.0, 1004000.0, 1004000.0, 1004000.0, 1004000.0, 1004000.0, 1004000.0, 1004000.0, 1004000.0, 1004000.0, 1004000.0, 1004000.0, 1004000.0, 1004000.0, 1003000.0, 1003000.0, 1003000.0, 1003000.0, 1003000.0, 1003000.0, 1003000.0, 1003000.0, 1003000.0, 1003000.0, 1003000.0, 1003000.0, 1003000.0, 1003000.0, 1003000.0, 1003000.0, 1003000.0, 1003000.0, 1003000.0, 1003000.0, 1003000.0, 1003000.0, 1003000.0, 1003000.0, 1003000.0, 1003000.0, 1003000.0, 1003000.0, 1003000.0, 1003000.0, 1003000.0, 1003000.0, 1003000.0, 1003000.0, 1003000.0, 1003000.0, 1003000.0, 1003000.0, 1003000.0, 1003000.0, 1003000.0, 1003000.0, 1003000.0, 1003000.0, 1003000.0, 1003000.0, 1003000.0, 1003000.0, 1003000.0, 1003000.0, 1003000.0, 1003000.0, 1003000.0, 1003000.0, 1003000.0, 1003000.0, 1003000.0, 1003000.0, 1003000.0, 1003000.0, 1003000.0, 1003000.0, 1003000.0, 1003000.0, 1003000.0, 1003000.0, 1003000.0, 1003000.0, 1003000.0, 1003000.0, 1003000.0, 1002000.0, 1002000.0, 1002000.0, 1002000.0, 1002000.0, 1002000.0, 1002000.0, 1002000.0, 1002000.0]","[0.23300505433142768, 0.2962533193838127, 0.36234062697524194, 0.41046157288068486, 0.6019711262610148, 0.3082863536076338, 0.2876913183069944, 0.2939961335748208, 0.3866103700320055, 0.45381483520895277, 0.7762027386006985, 0.4218062616384432, 0.4765865326166798, 0.8628039220742765, 0.36625345913482055, 0.15925297688708268, 0.34791415960355565, 0.8971569395970806]"
S1,EnergyFirst,PSO,46,1001000.0,0.12148094177246094,4.3214690838776095e-05,4519.478304154134,1000.0,163265.306122449,"[1004000.0, 1004000.0, 1004000.0, 1004000.0, 1004000.0, 1004000.0, 1004000.0, 1004000.0, 1004000.0, 1004000.0, 1004000.0, 1003000.0, 1003000.0, 1003000.0, 1003000.0, 1003000.0, 1003000.0, 1003000.0, 1002000.0, 1002000.0, 1002000.0, 1002000.0, 1002000.0, 1002000.0, 1002000.0, 1002000.0, 1002000.0, 1002000.0, 1002000.0, 1002000.0, 1002000.0, 1002000.0, 1001000.0, 1001000.0, 1001000.0, 1001000.0, 1001000.0, 1001000.0, 1001000.0, 1001000.0, 1001000.0, 1001000.0, 1001000.0, 1001000.0, 1001000.0, 1001000.0, 1001000.0, 1001000.0, 1001000.0, 1001000.0, 1001000.0, 1001000.0, 1001000.0, 1001000.0, 1001000.0, 1001000.0, 1001000.0, 1001000.0, 1001000.0, 1001000.0, 1001000.0, 1001000.0, 1001000.0, 1001000.0, 1001000.0, 1001000.0, 1001000.0, 1001000.0, 1001000.0, 1001000.0, 1001000.0, 1001000.0, 1001000.0, 1001000.0, 1001000.0, 1001000.0, 1001000.0, 1001000.0, 1001000.0, 1001000.0, 1001000.0, 1001000.0, 1001000.0, 1001000.0, 1001000.0, 1001000.0, 1001000.0, 1001000.0, 1001000.0, 1001000.0, 1001000.0, 1001000.0, 1001000.0, 1001000.0, 1001000.0, 1001000.0, 1001000.0, 1001000.0, 1001000.0, 1001000.0]","[0.47111539233120614, 0.13970201897152099, 0.4762755010699906, 0.4466791457421026, 0.9234251484855194, 0.8346204346406176, 0.18998085843761026, 0.5126418058758199, 0.3737991268974817, 0.4960095990338186, 0.8336132735591893, 0.35449010911162404, 0.4653130322577899, 0.8264100112385034, 0.6365364025115875, 0.6030535090535899, 0.7490693441894053, 0.023069201452970756]"
S1,EnergyFirst,PSO,47,1002000.0,0.12143373489379883,4.323064237803607e-05,3087.939240816152,2000.0,176085.61377713067,"[1004000.0, 1004000.0, 1004000.0, 1004000.0, 1004000.0, 1004000.0, 1004000.0, 1004000.0, 1004000.0, 1004000.0, 1004000.0, 1003000.0, 1003000.0, 1003000.0, 1003000.0, 1003000.0, 1003000.0, 1003000.0, 1003000.0, 1003000.0, 1003000.0, 1003000.0, 1003000.0, 1003000.0, 1003000.0, 1003000.0, 1003000.0, 1003000.0, 1003000.0, 1003000.0, 1003000.0, 1003000.0, 1003000.0, 1003000.0, 1003000.0, 1003000.0, 1003000.0, 1003000.0, 1003000.0, 1003000.0, 1003000.0, 1003000.0, 1003000.0, 1003000.0, 1003000.0, 1003000.0, 1003000.0, 1003000.0, 1003000.0, 1002000.0, 1002000.0, 1002000.0, 1002000.0, 1002000.0, 1002000.0, 1002000.0, 1002000.0, 1002000.0, 1002000.0, 1002000.0, 1002000.0, 1002000.0, 1002000.0, 1002000.0, 1002000.0, 1002000.0, 1002000.0, 1002000.0, 1002000.0, 1002000.0, 1002000.0, 1002000.0, 1002000.0, 1002000.0, 1002000.0, 1002000.0, 1002000.0, 1002000.0, 1002000.0, 1002000.0, 1002000.0, 1002000.0, 1002000.0, 1002000.0, 1002000.0, 1002000.0, 1002000.0, 1002000.0, 1002000.0, 1002000.0, 1002000.0, 1002000.0, 1002000.0, 1002000.0, 1002000.0, 1002000.0, 1002000.0, 1002000.0, 1002000.0, 1002000.0]","[0.5468673073560264, 0.7003962970414409, 0.4036743056618045, 0.20956234745657307, 0.6830079334131126, 0.4287984136967295, 0.1889524284018156, 0.5458348431217621, 0.4447508975112123, 0.5343624505401616, 0.5169496913408764, 0.15929479343558836, 0.3991300399506161, 0.7862642504349701, 0.6012893219845105, 0.7747211620656598, 0.19474291171174474, 0.2968880717622773]"
S1,EnergyFirst,PSO,48,1001000.0,0.1201162338256836,4.322288316166327e-05,6451.086025515213,1000.0,163265.306122449,"[1005000.0, 1005000.0, 1005000.0, 1005000.0, 1005000.0, 1005000.0, 1004000.0, 1004000.0, 1004000.0, 1004000.0, 1003000.0, 1003000.0, 1003000.0, 1003000.0, 1002000.0, 1002000.0, 1002000.0, 1002000.0, 1002000.0, 1002000.0, 1002000.0, 1002000.0, 1002000.0, 1002000.0, 1002000.0, 1002000.0, 1002000.0, 1002000.0, 1002000.0, 1002000.0, 1002000.0, 1002000.0, 1002000.0, 1002000.0, 1002000.0, 1001000.0, 1001000.0, 1001000.0, 1001000.0, 1001000.0, 1001000.0, 1001000.0, 1001000.0, 1001000.0, 1001000.0, 1001000.0, 1001000.0, 1001000.0, 1001000.0, 1001000.0, 1001000.0, 1001000.0, 1001000.0, 1001000.0, 1001000.0, 1001000.0, 1001000.0, 1001000.0, 1001000.0, 1001000.0, 1001000.0, 1001000.0, 1001000.0, 1001000.0, 1001000.0, 1001000.0, 1001000.0, 1001000.0, 1001000.0, 1001000.0, 1001000.0, 1001000.0, 1001000.0, 1001000.0, 1001000.0, 1001000.0, 1001000.0, 1001000.0, 1001000.0, 1001000.0, 1001000.0, 1001000.0, 1001000.0, 1001000.0, 1001000.0, 1001000.0, 1001000.0, 1001000.0, 1001000.0, 1001000.0, 1001000.0, 1001000.0, 1001000.0, 1001000.0, 1001000.0, 1001000.0, 1001000.0, 1001000.0, 1001000.0, 1001000.0]","[0.4117640320279602, 0.14132597887650722, 0.461903485620334, 0.32918161868775203, 0.5288257514546302, 0.2194060259440428, 0.1208986451428202, 0.2703055259865413, 0.664917944413492, 0.4534449809072337, 0.8802182362182226, 0.316140528067314, 0.47286813726731725, 0.7997276064335467, 0.3724694529202046, 0.2587048476142533, 0.4372355868689608, 0.9289603975949621]"
S1,EnergyFirst,PSO,49,1003000.0,0.11824893951416016,4.3688459073748694e-05,3720.6053248782187,3000.0,163265.306122449,"[1005000.0, 1005000.0, 1005000.0, 1005000.0, 1005000.0, 1005000.0, 1005000.0, 1004000.0, 1004000.0, 1004000.0, 1004000.0, 1004000.0, 1004000.0, 1004000.0, 1004000.0, 1004000.0, 1004000.0, 1004000.0, 1004000.0, 1004000.0, 1004000.0, 1004000.0, 1004000.0, 1004000.0, 1004000.0, 1004000.0, 1004000.0, 1004000.0, 1004000.0, 1004000.0, 1004000.0, 1004000.0, 1004000.0, 1004000.0, 1004000.0, 1004000.0, 1004000.0, 1004000.0, 1004000.0, 1004000.0, 1004000.0, 1004000.0, 1004000.0, 1004000.0, 1004000.0, 1004000.0, 1004000.0, 1004000.0, 1004000.0, 1004000.0, 1004000.0, 1004000.0, 1004000.0, 1004000.0, 1004000.0, 1004000.0, 1004000.0, 1004000.0, 1004000.0, 1004000.0, 1004000.0, 1004000.0, 1004000.0, 1003000.0, 1003000.0, 1003000.0, 1003000.0, 1003000.0, 1003000.0, 1003000.0, 1003000.0, 1003000.0, 1003000.0, 1003000.0, 1003000.0, 1003000.0, 1003000.0, 1003000.0, 1003000.0, 1003000.0, 1003000.0, 1003000.0, 1003000.0, 1003000.0, 1003000.0, 1003000.0, 1003000.0, 1003000.0, 1003000.0, 1003000.0, 1003000.0, 1003000.0, 1003000.0, 1003000.0, 1003000.0, 1003000.0, 1003000.0, 1003000.0, 1003000.0, 1003000.0]","[0.5630704070657097, 0.13858968844174935, 0.6913988457555937, 0.2109783323893546, 0.69337602523184, 0.4148875461458699, 0.2306505764563473, 0.27024486354636135, 0.9820035439121481, 0.848894259990448, 0.3484922173508805, 0.6618251208606496, 0.41193661587332087, 0.9015871320965599, 0.3073114728747485, 0.26378650616207716, 0.07021341344456244, 0.2814936766602878]"
